"","아파트명","도로명주소","geometry","near_station","nearest_station","nearest_distance"
"1","브르넨삼성","서울특별시 강남구 영동대로122길 2",c(127.0594184, 37.516764),FALSE,"삼성",943.574371545015
"2","위레벤646","서울특별시 강남구 영동대로 646",c(127.0578295, 37.5196629),FALSE,"삼성",1294.76026867302
"3","N168","서울특별시 강남구 학동로 168",c(127.029409, 37.51311643),FALSE,"언주",765.573107754428
"4","세곡2지구 도시형생활주택(유현리엔아파트)","서울특별시 강남구 밤고개로21길 56",c(127.11274, 37.47316459),FALSE,"학여울",4554.76327803945
"5","도곡스타클래스","서울특별시 강남구 남부순환로 2615",c(127.035879, 37.48520138),FALSE,"매봉",996.0080826749
"6","럭키(462)","서울특별시 강남구 남부순환로 2740",c(127.0462708, 37.48614909),TRUE,"매봉",121.090204324811
"7","삼성래미안","서울특별시 강남구 남부순환로 2803",c(127.0506487, 37.48978592),FALSE,"매봉",444.1380179822
"8","포이벨리","서울특별시 강남구 양재대로 379",c(127.0552155, 37.47460827),FALSE,"매봉",1572.00314210753
"9","SK허브프리모","서울특별시 강남구 강남대로 240",c(127.0343855, 37.48527638),FALSE,"매봉",1123.55026699781
"10","대우디오빌","서울특별시 강남구 강남대로 256",c(127.0335528, 37.48643263),FALSE,"매봉",1180.70956577881
"11","도곡푸르지오 102동","서울특별시 강남구 강남대로 272",c(127.0328745, 37.4877709),FALSE,"강남",1226.66988531884
"12","역삼디오슈페리움","서울특별시 강남구 강남대로 324",c(127.0309529, 37.49214635),FALSE,"강남",712.966438638295
"13","현대썬앤빌","서울특별시 강남구 도산대로 225",c(127.0313875, 37.52109218),FALSE,"언주",1558.23009872152
"14","청학아파트 에이동,비동,씨동","서울특별시 강남구 도산대로 232",c(127.0327854, 37.52068013),FALSE,"언주",1499.86810127016
"15","휴먼스타빌","서울특별시 강남구 도산대로 454",c(127.0460556, 37.5236842),FALSE,"언주",2122.00659227416
"16","서울개포상록스타힐스아파트","서울특별시 강남구 영동대로 16",c(127.0761319, 37.48822092),FALSE,"학여울",1069.68765479597
"17","디에이치자이개포","서울특별시 강남구 영동대로 22",c(127.0751005, 37.4909925),FALSE,"학여울",756.751303916393
"18","쌍용대치아파트1동, 2동, 3동, 5동, 6동","서울특별시 강남구 영동대로 210",c(127.0710621, 37.4980932),TRUE,"학여울",155.528336734418
"19","쌍용대치2","서울특별시 강남구 영동대로 220",c(127.0708744, 37.49960404),FALSE,"학여울",317.940270416612
"20","대치우성아파트1동, 2동, 3동, 5동, 6동, 7동","서울특별시 강남구 영동대로 230",c(127.0692542, 37.50015644),FALSE,"학여울",394.679110420479
"21","S-TOWER","서울특별시 강남구 영동대로 325",c(127.065533, 37.50334035),FALSE,"삼성",643.778082811516
"22","풍림아이원4차(1007-2)","서울특별시 강남구 영동대로 330-7",c(127.066787, 37.50424198),FALSE,"삼성",599.89518894183
"23","미켈란107","서울특별시 강남구 영동대로 602",c(127.060484, 37.51472139),FALSE,"삼성",697.925917749393
"24","아이파크","서울특별시 강남구 영동대로 640",c(127.0593657, 37.51834807),FALSE,"삼성",1111.48041737779
"25","개포6차우성아파트1동~8동","서울특별시 강남구 언주로 3",c(127.0572181, 37.4761557),FALSE,"매봉",1520.71368166327
"26","쌍용","서울특별시 강남구 언주로 101",c(127.0532734, 37.4810519),FALSE,"매봉",877.459416891087
"27","전화국현대(220)","서울특별시 강남구 언주로 103",c(127.0528944, 37.48133366),FALSE,"매봉",832.000507584734
"28","개포현대200동","서울특별시 강남구 언주로 105",c(127.0526732, 37.48168213),FALSE,"매봉",789.729754198362
"29","현대2","서울특별시 강남구 언주로 107",c(127.0513647, 37.4824657),FALSE,"매봉",649.505431862564
"30","개포경남","서울특별시 강남구 언주로 110",c(127.0541709, 37.48464863),FALSE,"매봉",697.087086787746
"31","우성4","서울특별시 강남구 언주로 117",c(127.0492988, 37.48534961),FALSE,"매봉",288.144838043999
"32","대우디오빌","서울특별시 강남구 언주로 427",c(127.0427291, 37.5014909),FALSE,"역삼",563.344832257652
"33","우성캐릭터199","서울특별시 강남구 언주로 118",c(127.0518809, 37.48663875),FALSE,"매봉",442.02992241897
"34","우성캐릭터빌","서울특별시 강남구 언주로 122",c(127.0510032, 37.48708489),FALSE,"매봉",361.431412052077
"35","한신(개포)","서울특별시 강남구 언주로 123",c(127.0488297, 37.48673183),TRUE,"매봉",174.886049715928
"36","매봉삼성","서울특별시 강남구 언주로 203",c(127.0487309, 37.489173),FALSE,"매봉",279.848417648952
"37","대림역삼","서울특별시 강남구 언주로 316",c(127.0462899, 37.49622804),FALSE,"선릉",908.120817974724
"38","상지리츠빌(1호라인)","서울특별시 강남구 언주로 320",c(127.0459687, 37.49654651),FALSE,"선릉",879.16349391722
"39","상지리츠빌(2호라인)","서울특별시 강남구 언주로 322",c(127.0458853, 37.49673292),FALSE,"선릉",860.657813299463
"40","역삼푸르지오","서울특별시 강남구 언주로 332",c(127.0469425, 37.49790238),FALSE,"선릉",714.905166683705
"41","역삼자이","서울특별시 강남구 언주로 420",c(127.0444389, 37.50049879),FALSE,"선릉",532.164208000643
"42","개나리6","서울특별시 강남구 언주로 406",c(127.0437125, 37.50134225),FALSE,"선릉",509.841524608069
"43","시티프라디움더강남201동","서울특별시 강남구 언주로 555",c(127.0393678, 37.50718589),FALSE,"언주",483.203376830096
"44","시티프라디움 더 강남 101동","서울특별시 강남구 언주로 557",c(127.0391219, 37.50743808),FALSE,"언주",462.133897787975
"45","아크로힐스논현","서울특별시 강남구 언주로 604",c(127.0389474, 37.50950195),FALSE,"언주",513.214280602767
"46","논현 아이파크","서울특별시 강남구 언주로 615",c(127.0358688, 37.51058794),FALSE,"언주",413.17590584668
"47","현대인텔렉스","서울특별시 강남구 언주로 620",c(127.0363519, 37.51162003),FALSE,"언주",535.287743716335
"48","펜트힐루논현","서울특별시 강남구 언주로 641",c(127.0348455, 37.51388227),FALSE,"언주",745.590455049426
"49","한신엠비씨","서울특별시 강남구 논현로 205",c(127.0405553, 37.48718407),FALSE,"매봉",560.478529974636
"50","경남","서울특별시 강남구 논현로 209",c(127.0408189, 37.48898017),FALSE,"매봉",575.84784262709
"51","럭키(963)","서울특별시 강남구 논현로 213",c(127.0399521, 37.49051915),FALSE,"매봉",721.047746386632
"52","삼익","서울특별시 강남구 논현로 218",c(127.0422783, 37.49080422),FALSE,"매봉",578.927494481626
"53","현대휴먼터치빌","서울특별시 강남구 논현로 565",c(127.0337434, 37.50650138),TRUE,"언주",80.9466130429734
"54","KIRIN HILLS","서울특별시 강남구 논현로 661",c(127.0308627, 37.51292727),FALSE,"언주",688.50895454021
"55","개포 래미안 포레스트","서울특별시 강남구 개포로 264",c(127.054344, 37.47839327),FALSE,"매봉",1170.87545559367
"56","현대1차101동~106동","서울특별시 강남구 개포로 303",c(127.0544743, 37.4826201),FALSE,"매봉",833.980090982335
"57","개포우성3차","서울특별시 강남구 개포로 307",c(127.0560187, 37.4839645),FALSE,"도곡",797.172260783967
"58","우성9차아파트 901동, 902동","서울특별시 강남구 개포로 311",c(127.0572773, 37.48475903),FALSE,"도곡",721.953883782284
"59","상지리츠빌","서울특별시 강남구 개포로 405",c(127.0602818, 37.48717704),FALSE,"도곡",597.456057154039
"60","현대3","서울특별시 강남구 개포로 409",c(127.0608554, 37.48783257),FALSE,"도곡",584.580428544842
"61","우성8","서울특별시 강남구 개포로 411",c(127.0624465, 37.48814259),FALSE,"도곡",682.065067503874
"62","개포주공 6단지","서울특별시 강남구 개포로 516",c(127.0715211, 37.48904408),FALSE,"학여울",861.986964418097
"63","개포주공 7단지","서울특별시 강남구 개포로 516",c(127.0715211, 37.48904408),FALSE,"학여울",861.986964418097
"64","탄천직원아파트","서울특별시 강남구 개포로 625",c(127.082691, 37.49776226),FALSE,"학여울",1077.68864059748
"65","논현동역세권청년임대주택","서울특별시 강남구 봉은사로 125",c(127.0274517, 37.50575571),FALSE,"신논현",304.831483214518
"66","역삼동하나빌","서울특별시 강남구 봉은사로 312",c(127.0412897, 37.50923041),FALSE,"언주",689.927980780769
"67","삼성동신영지웰","서울특별시 강남구 봉은사로 448",c(127.0488352, 37.51145641),FALSE,"선릉",802.660858662638
"68","쌍용플래티넘","서울특별시 강남구 봉은사로 474",c(127.0520654, 37.51244477),FALSE,"선릉",972.99583137429
"69","포스코트","서울특별시 강남구 봉은사로 510",c(127.0549717, 37.51305971),FALSE,"삼성",865.241761988441
"70","미켈란147","서울특별시 강남구 봉은사로 516",c(127.0559397, 37.51317205),FALSE,"삼성",802.413521612373
"71","삼성동라테라스","서울특별시 강남구 봉은사로 645",c(127.0658223, 37.51558927),FALSE,"삼성",786.622579022226
"72","디에이치아너힐즈","서울특별시 강남구 삼성로 11",c(127.0673202, 37.48404645),FALSE,"대치",1222.30515427362
"73","한보미도맨션","서울특별시 강남구 삼성로 150",c(127.0671586, 37.49349848),FALSE,"대치",349.483891931075
"74","선경1,2차","서울특별시 강남구 삼성로 151",c(127.0622533, 37.49229954),FALSE,"대치",276.800809583143
"75","은마","서울특별시 강남구 삼성로 212",c(127.0653334, 37.4974614),FALSE,"대치",358.888728853422
"76","포스코더샵","서울특별시 강남구 삼성로 417",c(127.0570661, 37.50400475),FALSE,"삼성",761.946564723727
"77","채널리저브","서울특별시 강남구 삼성로 517",c(127.0553957, 37.50800295),FALSE,"삼성",694.728241825809
"78","삼성동센트럴아이파크","서울특별시 강남구 삼성로 629",c(127.0511229, 37.51541341),FALSE,"선릉",1267.5139014763
"79","상지리츠빌카일룸(65-4)","서울특별시 강남구 삼성로 636",c(127.0516938, 37.51682413),FALSE,"삼성",1349.53518877844
"80","래미안라클래시","서울특별시 강남구 삼성로 651",c(127.0499783, 37.51750819),FALSE,"선릉",1482.03707827851
"81","래미안블레스티지","서울특별시 강남구 선릉로 8",c(127.0647382, 37.48135783),FALSE,"도곡",1348.07215224272
"82","개포우성1","서울특별시 강남구 선릉로 120",c(127.0599769, 37.49112153),FALSE,"도곡",377.870424747655
"83","개포우성2","서울특별시 강남구 선릉로 120",c(127.0574487, 37.49087408),TRUE,"도곡",157.386664276778
"84","동부센트레빌","서울특별시 강남구 선릉로 206",c(127.05571, 37.49279922),TRUE,"도곡",185.72564655215
"85","도곡렉슬","서울특별시 강남구 선릉로 221",c(127.0506687, 37.49353526),FALSE,"도곡",517.842559838679
"86","대치아이파크","서울특별시 강남구 선릉로 222",c(127.0546229, 37.49493895),FALSE,"도곡",434.059119263063
"87","테라힐스","서울특별시 강남구 선릉로 307",c(127.0523591, 37.49682247),FALSE,"도곡",698.113491553773
"88","동부센트레빌","서울특별시 강남구 선릉로 423",c(127.0494903, 37.50253225),TRUE,"선릉",224.195552026208
"89","호산프라자","서울특별시 강남구 선릉로 604",c(127.0439677, 37.51098293),FALSE,"선릉",834.866997988747
"90","삼성동브라운스톤레전드","서울특별시 강남구 선릉로 660",c(127.0423132, 37.51549424),FALSE,"언주",1182.57574349638
"91","현대아파트","서울특별시 강남구 선릉로 748",c(127.0405655, 37.52143227),FALSE,"언주",1686.4517511854
"92","미성2차","서울특별시 강남구 압구정로 113",c(127.0190454, 37.52382745),FALSE,"신논현",2207.29323256898
"93","한양8(81동한개동)","서울특별시 강남구 압구정로 403",c(127.0422803, 37.53004873),FALSE,"언주",2644.10031507147
"94","압구정신현대","서울특별시 강남구 압구정로 151",c(127.0243476, 37.52773483),FALSE,"언주",2431.44764794028
"95","현대6,7차","서울특별시 강남구 압구정로 201",c(127.0308728, 37.52977365),FALSE,"언주",2521.9336152765
"96","현대65동(대림아크로빌아파트)","서울특별시 강남구 압구정로 201",c(127.0322259, 37.53145305),FALSE,"언주",2698.59030782752
"97","현대8차(성수현대:91~95동)","서울특별시 강남구 압구정로 309",c(127.0353082, 37.53100685),FALSE,"언주",2647.93690349756
"98","한양4","서울특별시 강남구 압구정로 313",c(127.0368645, 37.5308956),FALSE,"언주",2645.64900902782
"99","한양6","서울특별시 강남구 압구정로 313",c(127.0363687, 37.52968056),FALSE,"언주",2507.05355479872
"100","한양1차(영동한양)","서울특별시 강남구 압구정로 321",c(127.0387541, 37.53028711),FALSE,"언주",2600.57642987574
"101","한양3","서울특별시 강남구 압구정로 321",c(127.0380657, 37.52917487),FALSE,"언주",2468.89597729815
"102","한양2","서울특별시 강남구 압구정로 347",c(127.0405094, 37.52980376),FALSE,"언주",2578.17066620874
"103","한양5","서울특별시 강남구 압구정로 401",c(127.0421303, 37.52909823),FALSE,"언주",2538.9878129582
"104","에스케이허브젠","서울특별시 강남구 역삼로 109",c(127.0310043, 37.49368208),FALSE,"강남",565.265838703549
"105","브라운스톤역삼","서울특별시 강남구 역삼로 171",c(127.0378819, 37.4956543),FALSE,"역삼",570.939831595534
"106","명인갤러리2차","서울특별시 강남구 역삼로 237",c(127.042351, 37.49761111),FALSE,"역삼",622.593683300958
"107","세방하이빌1","서울특별시 강남구 역삼로 240",c(127.0428039, 37.49735097),FALSE,"역삼",671.860445993713
"108","세방하이빌2","서울특별시 강남구 역삼로 240-1",c(127.0429753, 37.49702534),FALSE,"역삼",704.678356443492
"109","개나리래미안","서울특별시 강남구 역삼로 306",c(127.0464194, 37.49863285),FALSE,"선릉",644.247774153582
"110","역삼 I'PARK","서울특별시 강남구 역삼로 307",c(127.0466544, 37.49958974),FALSE,"선릉",536.009564202024
"111","역삼센트럴2차아이파크","서울특별시 강남구 역삼로 307-1",c(127.0465053, 37.50000649),FALSE,"선릉",495.028846004987
"112","래미안펜타빌","서울특별시 강남구 역삼로 309",c(127.0474279, 37.50059949),FALSE,"선릉",411.988383933067
"113","개나리 푸르지오","서울특별시 강남구 역삼로 314",c(127.0499421, 37.49970789),FALSE,"선릉",529.339409186687
"114","개나리SK뷰","서울특별시 강남구 역삼로 315-1",c(127.0499, 37.50138807),FALSE,"선릉",353.482849892902
"115","아티스톤대치","서울특별시 강남구 역삼로 409",c(127.0517566, 37.50112344),FALSE,"선릉",470.410500275557
"116","풍림아이원1차","서울특별시 강남구 역삼로 436",c(127.0548211, 37.50163765),FALSE,"선릉",654.717195250713
"117","신성미소시티","서울특별시 강남구 역삼로 451",c(127.0564266, 37.50259865),FALSE,"선릉",750.977669831351
"118","대치동더블유타워","서울특별시 강남구 역삼로 555",c(127.0633748, 37.50500638),FALSE,"삼성",425.104425931678
"119","샘터마을","서울특별시 강남구 일원로 120",c(127.0825655, 37.4843333),FALSE,"학여울",1741.8165423238
"120","가람","서울특별시 강남구 일원로 127",c(127.0854504, 37.48252346),FALSE,"학여울",2057.99289430296
"121","현대타워(13층-27층)","서울특별시 강남구 테헤란로 423",c(127.0530357, 37.50621372),FALSE,"선릉",480.891113262036
"122","테헤란로대우아이빌(891-6)","서울특별시 강남구 테헤란로 428",c(127.0541777, 37.50570274),FALSE,"선릉",553.454950770497
"123","마일스디오빌","서울특별시 강남구 학동로 165",c(127.0289783, 37.51386523),FALSE,"언주",856.557239868722
"124","논현파라곤","서울특별시 강남구 학동로 338",c(127.040439, 37.51649284),FALSE,"언주",1181.87360971972
"125","청담래미안","서울특별시 강남구 학동로 405",c(127.0427537, 37.51791548),FALSE,"언주",1423.23785680863
"126","삼성월드타워","서울특별시 강남구 학동로 408",c(127.0440825, 37.51747307),FALSE,"언주",1451.90029302772
"127","청담우방아파트","서울특별시 강남구 학동로 409",c(127.043919, 37.51811174),FALSE,"언주",1499.75383815202
"128","삼성동씨엘케이","서울특별시 강남구 학동로 410",c(127.044387, 37.51746436),FALSE,"언주",1467.93005634626
"129","석탑아파트101동","서울특별시 강남구 학동로 412",c(127.044965, 37.51741544),FALSE,"선릉",1490.28037181203
"130","푸른솔아파트1동","서울특별시 강남구 학동로 420",c(127.0460196, 37.51782069),FALSE,"선릉",1520.13988181768
"131","삼성동롯데아파트","서울특별시 강남구 학동로 432",c(127.0486913, 37.5177112),FALSE,"선릉",1496.73677464511
"132","청담파크빌","서울특별시 강남구 학동로 437-5",c(127.0487252, 37.51901713),FALSE,"선릉",1641.97407259165
"133","진흥아파트","서울특별시 강남구 학동로 513",c(127.0537632, 37.51992217),FALSE,"삼성",1488.38608723171
"134","강남웅진베어스빌","서울특별시 강남구 도곡로 113",c(127.0328432, 37.4901798),FALSE,"강남",983.378156099486
"135","도곡루아르","서울특별시 강남구 도곡로 128",c(127.0343887, 37.49006264),FALSE,"강남",1065.8056449224
"136","삼호","서울특별시 강남구 도곡로 242",c(127.0459283, 37.49353529),FALSE,"매봉",719.218335892698
"137","래미안그레이튼(진달래2차)","서울특별시 강남구 도곡로 306",c(127.0479376, 37.49418693),FALSE,"도곡",764.135735512866
"138","래미안도곡카운티","서울특별시 강남구 도곡로 320",c(127.0502439, 37.49499745),FALSE,"도곡",645.162575662329
"139","롯데캐슬리베","서울특별시 강남구 도곡로 404",c(127.0540255, 37.49625735),FALSE,"도곡",588.940295004454
"140","삼환SOGOOD","서울특별시 강남구 도곡로 413",c(127.0556344, 37.49756479),FALSE,"도곡",715.647637200201
"141","상지리츠빌카일룸(1009-4)","서울특별시 강남구 도곡로 603",c(127.0681433, 37.50160907),FALSE,"학여울",579.508031316155
"142","세곡푸르지오","서울특별시 강남구 자곡로 21",c(127.0931293, 37.46670426),FALSE,"학여울",3890.98453003016
"143","시니어스홈","서울특별시 강남구 자곡로 100-2",c(127.0957202, 37.47151908),FALSE,"학여울",3579.31276065307
"144","지고하임(102동)","서울특별시 강남구 강남대로136길 40",c(127.0236369, 37.51373651),FALSE,"신논현",1036.03159739923
"145","래미안강남힐즈","서울특별시 강남구 자곡로 101",c(127.0938574, 37.47412202),FALSE,"학여울",3250.73524232672
"146","엘에이치강남8단지","서울특별시 강남구 자곡로 154",c(127.1007735, 37.47232056),FALSE,"학여울",3807.77984081545
"147","엘에이치강남아이파크","서울특별시 강남구 자곡로 175",c(127.1015903, 37.47484492),FALSE,"학여울",3666.33352804995
"148","강남한양수자인(4단지)","서울특별시 강남구 자곡로 260",c(127.1124898, 37.47536674),FALSE,"학여울",4399.63159309022
"149","거평프리젠","서울특별시 강남구 강남대로112길 41",c(127.0276546, 37.50632269),FALSE,"신논현",353.888011268309
"150","우성","서울특별시 강남구 강남대로120길 58",c(127.0280527, 37.50755611),FALSE,"신논현",471.954972208974
"151","월드쉐르빌","서울특별시 강남구 강남대로124길 51",c(127.0260715, 37.51028186),FALSE,"신논현",665.720475828405
"152","세호시티라이프","서울특별시 강남구 강남대로128길 27",c(127.0243395, 37.51042009),FALSE,"신논현",664.994624381238
"153","힐타워","서울특별시 강남구 강남대로132길 26",c(127.0231124, 37.51240379),FALSE,"신논현",893.014247116636
"154","네오빌","서울특별시 강남구 강남대로132길 42",c(127.0244373, 37.51277391),FALSE,"신논현",926.691222065295
"155","애플타운","서울특별시 강남구 강남대로146길 13",c(127.0211888, 37.5150011),FALSE,"신논현",1208.43328995472
"156","신동아(22)","서울특별시 강남구 강남대로146길 28",c(127.0226474, 37.51467262),FALSE,"신논현",1148.50965079781
"157","천지인수지빌","서울특별시 강남구 강남대로160길 33",c(127.0213198, 37.52028256),FALSE,"신논현",1782.71137197948
"158","신사동씨티빌","서울특별시 강남구 강남대로162길 27-26",c(127.0206746, 37.52104929),FALSE,"신논현",1876.18420366328
"159","Ruden House","서울특별시 강남구 강남대로162길 41-8",c(127.0215699, 37.52144605),FALSE,"신논현",1907.62545158123
"160","도곡그린빌","서울특별시 강남구 강남대로44길 24",c(127.0357889, 37.48614339),FALSE,"매봉",986.900276795458
"161","삼경하이빌2","서울특별시 강남구 강남대로48길 15",c(127.0343975, 37.48707312),FALSE,"매봉",1103.75070140939
"162","조이너스 도곡","서울특별시 강남구 강남대로48길 24",c(127.0351035, 37.48698992),FALSE,"매봉",1041.54133963567
"163","도곡푸르지오","서울특별시 강남구 강남대로54길 6",c(127.0332074, 37.48784608),FALSE,"매봉",1211.47829127927
"164","대우디오빌플러스","서울특별시 강남구 강남대로84길 33",c(127.0310587, 37.49760597),FALSE,"강남",312.964233943467
"165","뉴엠빌라트","서울특별시 강남구 강남대로94길 27-7",c(127.0293012, 37.50030016),FALSE,"강남",303.305815539748
"166","프리우스 역삼 101동","서울특별시 강남구 강남대로94길 51-14",c(127.0310482, 37.50136072),FALSE,"역삼",481.147202709222
"167","SH대치1단지 아파트","서울특별시 강남구 개포로109길 5",c(127.0741502, 37.49300416),FALSE,"학여울",524.904776152389
"168","성원대치2단지일반분양(11개동)","서울특별시 강남구 개포로109길 9",c(127.0751123, 37.49480509),FALSE,"학여울",457.984444904571
"169","삼익대청아파트 301동 ~ 306동","서울특별시 강남구 개포로109길 21",c(127.0770328, 37.49520537),FALSE,"학여울",598.141906073951
"170","개포자이(12-2)","서울특별시 강남구 개포로109길 69",c(127.0765698, 37.49641047),FALSE,"학여울",533.260974010711
"171","우성7","서울특별시 강남구 개포로110길 15",c(127.0782172, 37.49232123),FALSE,"학여울",837.800564815913
"172","현대4","서울특별시 강남구 개포로110길 21",c(127.077324, 37.4909569),FALSE,"학여울",879.808943453079
"173","디에이치 포레센트","서울특별시 강남구 개포로110길 38",c(127.0786686, 37.49024879),FALSE,"학여울",1018.7649554914
"174","개포한신","서울특별시 강남구 개포로110길 43",c(127.0791288, 37.49124137),FALSE,"학여울",974.77447298735
"175","래미안개포루체하임","서울특별시 강남구 개포로110길 50",c(127.0798804, 37.48938526),FALSE,"학여울",1162.25533617196
"176","삼성","서울특별시 강남구 개포로124길 27",c(127.0837559, 37.49293029),FALSE,"학여울",1241.08343317355
"177","개포현대6차","서울특별시 강남구 개포로15길 32-8",c(127.0459784, 37.47979078),FALSE,"매봉",818.418079516812
"178","리치타운","서울특별시 강남구 개포로28길 28",c(127.0503329, 37.47730864),FALSE,"매봉",1131.43871544587
"179","우찬현대(1260-11)","서울특별시 강남구 개포로31길 3-12",c(127.0488913, 37.47936447),FALSE,"매봉",879.317712994697
"180","우찬현대(1260-4)","서울특별시 강남구 개포로31길 9-5",c(127.0491251, 37.47955427),FALSE,"매봉",863.088713596644
"181","우찬현대(1260-2)","서울특별시 강남구 개포로31길 9-9",c(127.0487779, 37.47951768),FALSE,"매봉",860.654128960129
"182","한솔마을","서울특별시 강남구 광평로10길 6",c(127.0778553, 37.48187341),FALSE,"학여울",1776.35229472531
"183","상록수","서울특별시 강남구 광평로10길 15",c(127.0820868, 37.48202474),FALSE,"학여울",1929.05738666032
"184","까치마을","서울특별시 강남구 광평로19길 10",c(127.0876696, 37.48488052),FALSE,"학여울",2006.93442828446
"185","목련타운","서울특별시 강남구 광평로19길 15",c(127.0856715, 37.48472052),FALSE,"학여울",1890.3317339218
"186","삼성","서울특별시 강남구 광평로31길 27",c(127.0908822, 37.48485589),FALSE,"학여울",2229.8092203843
"187","강남 더샵 포레스트","서울특별시 강남구 광평로34길 35",c(127.0948785, 37.48130347),FALSE,"학여울",2750.20605840348
"188","강남데시앙포레","서울특별시 강남구 광평로34길 55",c(127.0908928, 37.48101874),FALSE,"학여울",2507.36735211432
"189","동익","서울특별시 강남구 광평로39길 3",c(127.0969287, 37.48544103),FALSE,"학여울",2646.39725984938
"190","신동아","서울특별시 강남구 광평로47길 17",c(127.098699, 37.48707466),FALSE,"학여울",2707.5437439866
"191","수서한아름","서울특별시 강남구 광평로51길 22",c(127.1039681, 37.48955323),FALSE,"학여울",3055.95856924965
"192","삼익아파트401동~405동","서울특별시 강남구 광평로51길 27",c(127.1008421, 37.48919293),FALSE,"학여울",2802.51459349102
"193","수서1","서울특별시 강남구 광평로51길 49",c(127.0999033, 37.49110716),FALSE,"학여울",2665.55540685196
"194","수서6","서울특별시 강남구 광평로56길 11",c(127.1050327, 37.48750181),FALSE,"학여울",3212.38517935398
"195","하니움","서울특별시 강남구 광평로60길 32",c(127.1071281, 37.48663289),FALSE,"학여울",3418.63472590246
"196","도곡동 STAY77","서울특별시 강남구 남부순환로351길 4",c(127.0349476, 37.4851537),FALSE,"매봉",1077.49671298239
"197","원팰리스","서울특별시 강남구 남부순환로351길 23",c(127.0340044, 37.48624878),FALSE,"매봉",1142.48973880333
"198","도곡하이빌","서울특별시 강남구 남부순환로363길 9-6",c(127.0375718, 37.48595382),FALSE,"매봉",833.713377983431
"199","도곡쌍용예가","서울특별시 강남구 남부순환로363길 30",c(127.0382302, 37.48755803),FALSE,"매봉",767.16159383141
"200","역삼우성","서울특별시 강남구 남부순환로363길 49",c(127.0367491, 37.48847107),FALSE,"매봉",908.860579138937
"201","중명하니빌","서울특별시 강남구 남부순환로365길 5",c(127.0388015, 37.4859674),FALSE,"매봉",726.447529444283
"202","한라비발디","서울특별시 강남구 남부순환로365길 33",c(127.0392024, 37.48763617),FALSE,"매봉",682.266775710615
"203","도곡스타빌","서울특별시 강남구 남부순환로370길 20",c(127.0425584, 37.48412069),FALSE,"매봉",507.941685150009
"204","도곡지웰카운티 101동","서울특별시 강남구 남부순환로373길 3",c(127.043578, 37.48635841),FALSE,"매봉",305.506637247086
"205","리치아르떼빌","서울특별시 강남구 남부순환로373길 4",c(127.0440103, 37.4864086),FALSE,"매봉",267.348632128866
"206","도곡지웰카운티 102동","서울특별시 강남구 남부순환로373길 9",c(127.0435723, 37.48679306),FALSE,"매봉",296.384970005914
"207","월드메르디앙102동","서울특별시 강남구 남부순환로373길 14",c(127.0439226, 37.48692222),FALSE,"매봉",264.182685658226
"208","월드메르디앙101동","서울특별시 강남구 남부순환로373길 15",c(127.0435898, 37.48712093),FALSE,"매봉",292.684943196268
"209","이니그마빌-III","서울특별시 강남구 남부순환로373길 21",c(127.0433864, 37.48736803),FALSE,"매봉",311.911509974774
"210","상지리츠빌 카일룸","서울특별시 강남구 남부순환로373길 23",c(127.0438246, 37.48786564),FALSE,"매봉",284.518382634859
"211","PLUMHILLS","서울특별시 강남구 남부순환로373길 26",c(127.044122, 37.48758636),FALSE,"매봉",251.276814475789
"212","벨라빌","서울특별시 강남구 남부순환로375길 6",c(127.0446359, 37.48666829),TRUE,"매봉",206.422723998293
"213","도곡현대힐스테이트 102동","서울특별시 강남구 남부순환로377길 18",c(127.0456244, 37.4874855),TRUE,"매봉",120.470161103805
"214","도곡현대힐스테이트 105동","서울특별시 강남구 남부순환로377길 22",c(127.0453587, 37.48766679),TRUE,"매봉",149.801203648073
"215","현대파크빌라","서울특별시 강남구 남부순환로377길 25",c(127.0445786, 37.48764822),TRUE,"매봉",213.854932114966
"216","힐데스하임빌라","서울특별시 강남구 남부순환로377길 26",c(127.0449748, 37.48802154),TRUE,"매봉",198.109818582026
"217","로덴하우스 이스트빌리지","서울특별시 강남구 남부순환로378길 9",c(127.0468889, 37.4856712),TRUE,"매봉",160.440240520951
"218","로덴하우스 웨스트빌리지","서울특별시 강남구 남부순환로378길 11",c(127.0465455, 37.48553418),TRUE,"매봉",178.540486579472
"219","삼성","서울특별시 강남구 남부순환로379길 14",c(127.0464303, 37.48871261),TRUE,"매봉",182.665803560343
"220","도곡현대힐스테이트 101동","서울특별시 강남구 남부순환로379길 15",c(127.045984, 37.48771232),TRUE,"매봉",105.159048645726
"221","도곡현대힐스테이트 103동","서울특별시 강남구 남부순환로379길 19",c(127.0456088, 37.48792794),TRUE,"매봉",145.984022970583
"222","현대향목빌라트","서울특별시 강남구 남부순환로379길 26",c(127.0456635, 37.48857475),TRUE,"매봉",196.011401581943
"223","그랜빌캐슬","서울특별시 강남구 남부순환로379길 35",c(127.0448258, 37.48871688),FALSE,"매봉",255.901627398845
"224","포스코트","서울특별시 강남구 남부순환로381길 15",c(127.0478009, 37.48797204),TRUE,"매봉",123.788400554194
"225","울트라멤버스","서울특별시 강남구 남부순환로381길 25",c(127.0467835, 37.48772016),TRUE,"매봉",68.2771507366562
"226","필로스(193-45)","서울특별시 강남구 남부순환로381길 57",c(127.0442898, 37.48696925),TRUE,"매봉",231.481864515462
"227","청암빌라트","서울특별시 강남구 남부순환로391길 7",c(127.0571738, 37.49246888),TRUE,"도곡",198.097972015478
"228","선경3차","서울특별시 강남구 남부순환로395길 10",c(127.0609267, 37.49418872),TRUE,"대치",227.199582910527
"229","미도맨션3차","서울특별시 강남구 남부순환로397길 5",c(127.0617629, 37.4945671),TRUE,"대치",148.801233395863
"230","역삼동칼라","서울특별시 강남구 논현로101길 6",c(127.0344817, 37.50475831),FALSE,"언주",278.659542020153
"231","역삼동골든베리힐","서울특별시 강남구 논현로102길 4",c(127.0356445, 37.5046994),FALSE,"언주",320.168673372888
"232","리치타워","서울특별시 강남구 논현로105길 52",c(127.029953, 37.50535997),FALSE,"언주",404.204455879988
"233","휴먼스페이스","서울특별시 강남구 논현로111길 3",c(127.0332105, 37.50766933),TRUE,"언주",78.0309687454689
"234","이산","서울특별시 강남구 논현로111길 34",c(127.0306936, 37.5072031),FALSE,"언주",281.955861440487
"235","논현동한화꿈에그린","서울특별시 강남구 논현로111길 39",c(127.0305708, 37.50687614),FALSE,"언주",295.26834979675
"236","논현동프라임","서울특별시 강남구 논현로113길 5",c(127.0328329, 37.50827834),TRUE,"언주",150.145415116384
"237","리더스빌","서울특별시 강남구 논현로113길 7",c(127.0324313, 37.50819843),TRUE,"언주",168.500386375936
"238","신동아","서울특별시 강남구 논현로118길 17",c(127.0340277, 37.51032849),FALSE,"언주",345.862199565897
"239","논현아트빌","서울특별시 강남구 논현로124길 7",c(127.0322706, 37.51243466),FALSE,"언주",597.179224555511
"240","두영","서울특별시 강남구 논현로124길 8",c(127.0323868, 37.51218377),FALSE,"언주",567.649229528961
"241","학동","서울특별시 강남구 논현로124길 28",c(127.0338132, 37.51261188),FALSE,"언주",599.588910683708
"242","브라이튼N40","서울특별시 강남구 논현로131길 44",c(127.026592, 37.51415168),FALSE,"언주",1004.21827791946
"243","하우트리스","서울특별시 강남구 논현로131길 45",c(127.0267309, 37.51344872),FALSE,"언주",937.256433057218
"244","한양빌라트","서울특별시 강남구 논현로140길 22",c(127.0313256, 37.5169612),FALSE,"언주",1106.53779370426
"245","대성아파트","서울특별시 강남구 논현로151길 45",c(127.0243962, 37.51946933),FALSE,"언주",1598.8753437004
"246","청림빌","서울특별시 강남구 논현로153길 42",c(127.0247728, 37.52065082),FALSE,"언주",1696.17553596241
"247","압구정화이트빌","서울특별시 강남구 논현로154길 11",c(127.0290437, 37.52179846),FALSE,"언주",1676.46097934901
"248","압구정 Ainvill","서울특별시 강남구 논현로154길 12",c(127.0292408, 37.52151791),FALSE,"언주",1641.88789752128
"249","한양아파트","서울특별시 강남구 논현로157길 29",c(127.0258763, 37.52193766),FALSE,"언주",1782.64171660057
"250","토미","서울특별시 강남구 논현로158길 17",c(127.0297632, 37.52222349),FALSE,"언주",1707.5586572415
"251","하야트빌","서울특별시 강남구 논현로159길 56",c(127.023789, 37.5218392),FALSE,"언주",1853.70869548503
"252","장자울아파트","서울특별시 강남구 논현로160길 20",c(127.0297262, 37.52249534),FALSE,"언주",1737.79084818798
"253","아람손프라자/비바빌","서울특별시 강남구 논현로2길 22",c(127.0523888, 37.47281532),FALSE,"매봉",1661.89713768106
"254","새롬(1164-12)","서울특별시 강남구 논현로2길 34",c(127.0529617, 37.47317811),FALSE,"매봉",1639.11939923302
"255","새롬(1164-13)","서울특별시 강남구 논현로2길 36",c(127.0531017, 37.47327899),FALSE,"매봉",1632.61321403868
"256","새롬(1164-14)","서울특별시 강남구 논현로2길 38",c(127.0532475, 37.47336987),FALSE,"매봉",1627.47234362065
"257","한림","서울특별시 강남구 논현로2길 50",c(127.0541181, 37.47393923),FALSE,"매봉",1597.19253719773
"258","뉴현대파크빌","서울특별시 강남구 논현로2길 61-4",c(127.0548221, 37.47482428),FALSE,"매봉",1534.69008362751
"259","리더스","서울특별시 강남구 논현로2길 62",c(127.0548157, 37.47438829),FALSE,"매봉",1577.76407473955
"260","그린빌리지","서울특별시 강남구 논현로4길 28",c(127.0523609, 37.47320659),FALSE,"매봉",1619.58939090798
"261","포이현대빌라트","서울특별시 강남구 논현로4길 50",c(127.0537511, 37.47409574),FALSE,"매봉",1568.49360814148
"262","현대그린1","서울특별시 강남구 논현로51길 25",c(127.0393752, 37.48884104),FALSE,"매봉",691.731083681048
"263","강남서해더블루","서울특별시 강남구 논현로63길 16",c(127.0391145, 37.49289408),FALSE,"역삼",895.204892561781
"264","리츠빌","서울특별시 강남구 논현로64길 28",c(127.0426363, 37.4936174),FALSE,"매봉",815.424068611301
"265","역삼이안애에이","서울특별시 강남구 논현로70길 14",c(127.0409346, 37.49519142),FALSE,"역삼",726.231035208727
"266","역삼이안애비","서울특별시 강남구 논현로70길 16",c(127.0411413, 37.49525168),FALSE,"역삼",730.845853932362
"267","불루밍코트","서울특별시 강남구 논현로71길 46",c(127.0358834, 37.49422108),FALSE,"역삼",717.376482717693
"268","지석천평대","서울특별시 강남구 논현로71길 48",c(127.0356729, 37.49414981),FALSE,"역삼",726.754542314182
"269","경일역삼","서울특별시 강남구 논현로72길 32",c(127.0420296, 37.49613777),FALSE,"역삼",704.741788442923
"270","베스젠빌","서울특별시 강남구 논현로97길 74",c(127.030473, 37.50271522),FALSE,"신논현",567.35083202781
"271","광평하우스빌","서울특별시 강남구 도곡로11길 10",c(127.0357686, 37.49155049),FALSE,"역삼",1014.39008489009
"272","역삼르비앙1","서울특별시 강남구 도곡로11길 13",c(127.0353384, 37.49178337),FALSE,"강남",972.042999197936
"273","롯데캐슬노블","서울특별시 강남구 도곡로13길 19",c(127.0358035, 37.49222088),FALSE,"역삼",939.793091417376
"274","롯데캐슬모닝","서울특별시 강남구 도곡로14길 12",c(127.0366292, 37.49022984),FALSE,"매봉",970.747600309506
"275","파크힐","서울특별시 강남구 도곡로14길 14-1",c(127.0370276, 37.48983336),FALSE,"매봉",922.62358322705
"276","도곡3차아이파크","서울특별시 강남구 도곡로14길 21",c(127.0377963, 37.48990133),FALSE,"매봉",861.524080805533
"277","도곡3차아이파크","서울특별시 강남구 도곡로14길 27",c(127.0377819, 37.48922968),FALSE,"매봉",838.782841600801
"278","도곡2차 I-PARK","서울특별시 강남구 도곡로14길 28",c(127.0370346, 37.48918904),FALSE,"매봉",901.093467313836
"279","거평빌라트","서울특별시 강남구 도곡로17길 12",c(127.0375529, 37.4921698),FALSE,"역삼",949.030748473388
"280","현대아파트 1동~3동","서울특별시 강남구 도곡로18길 34",c(127.0379741, 37.48884199),FALSE,"매봉",811.243714977522
"281","현대아파트 1동~3동","서울특별시 강남구 도곡로18길 35",c(127.0391131, 37.48928217),FALSE,"매봉",728.700877874575
"282","노블카운티","서울특별시 강남구 도곡로19길 13",c(127.0378146, 37.49258084),FALSE,"역삼",906.409066626175
"283","강남한솔","서울특별시 강남구 도곡로19길 17",c(127.0378047, 37.49275624),FALSE,"역삼",886.967393597998
"284","경인리빙텔","서울특별시 강남구 도곡로1길 22",c(127.0309235, 37.4917606),FALSE,"강남",751.02841532877
"285","역삼동월드메르디앙","서울특별시 강남구 도곡로21길 15",c(127.0384431, 37.49276636),FALSE,"역삼",895.303110699544
"286","세종빌라트","서울특별시 강남구 도곡로23길 31",c(127.0387947, 37.49417707),FALSE,"역삼",750.235194315125
"287","우성빌라트","서울특별시 강남구 도곡로23길 32",c(127.0391613, 37.4943779),FALSE,"역삼",738.718551689537
"288","TREE HOUSE","서울특별시 강남구 도곡로23길 33",c(127.0386875, 37.49442715),FALSE,"역삼",720.895657385134
"289","삼경하이빌1","서울특별시 강남구 도곡로2길 46",c(127.0345915, 37.48711697),FALSE,"매봉",1086.62401566483
"290","갤러리하우스","서울특별시 강남구 도곡로33길 16",c(127.0434671, 37.49442756),FALSE,"매봉",868.018249261
"291","한스빌(836)","서울특별시 강남구 도곡로3길 26",c(127.0329087, 37.49197521),FALSE,"강남",816.693117311837
"292","래미안그레이튼","서울특별시 강남구 도곡로43길 20",c(127.0482985, 37.49666608),FALSE,"선릉",844.144568626918
"293","래미안그레이튼(진달래2차)","서울특별시 강남구 도곡로43길 21",c(127.0472895, 37.49522681),FALSE,"도곡",870.302557339487
"294","상지리츠빌역삼2차","서울특별시 강남구 도곡로43길 37",c(127.0463795, 37.49671873),FALSE,"선릉",853.03625843164
"295","하이페리온","서울특별시 강남구 도곡로4길 31",c(127.0350067, 37.48870221),FALSE,"매봉",1064.72694380216
"296","트레벨","서울특별시 강남구 도곡로57길 9-7",c(127.0504055, 37.49613178),FALSE,"도곡",726.047666920283
"297","역삼2차아이파크","서울특별시 강남구 도곡로57길 12",c(127.0514918, 37.49676268),FALSE,"도곡",727.920969957776
"298","동민맥스빌B동","서울특별시 강남구 도곡로69길 7",c(127.0558928, 37.49791954),FALSE,"도곡",755.278450226536
"299","청원","서울특별시 강남구 도곡로69길 16",c(127.0559771, 37.49843455),FALSE,"대치",785.000160647892
"300","현대아이리스1","서울특별시 강남구 도곡로6길 14",c(127.0341843, 37.48932898),FALSE,"강남",1124.44283425812
"301","대명비발디","서울특별시 강남구 도곡로6길 18",c(127.0343342, 37.48907229),FALSE,"매봉",1130.48143173981
"302","한티(933-0)","서울특별시 강남구 도곡로73길 18",c(127.0571138, 37.49898128),FALSE,"대치",741.348868076162
"303","삼성3차","서울특별시 강남구 도곡로78길 13",c(127.0598857, 37.49749656),FALSE,"대치",449.987127365773
"304","대치삼성","서울특별시 강남구 도곡로78길 22",c(127.0582317, 37.49652455),FALSE,"대치",507.551083749731
"305","금호어울림","서울특별시 강남구 도곡로7길 22",c(127.0349534, 37.49202551),FALSE,"강남",928.99374303036
"306","역삼열성카이스빌","서울특별시 강남구 도곡로7길 23",c(127.034105, 37.49208716),FALSE,"강남",872.762601336339
"307","래미안 대치 하이스턴","서울특별시 강남구 도곡로93길 12",c(127.0655403, 37.50106719),FALSE,"학여울",651.396815762162
"308","르엘대치","서울특별시 강남구 도곡로93길 23",c(127.0640672, 37.50158966),FALSE,"대치",779.016111189732
"309","대우멤버스카운티Ⅱ","서울특별시 강남구 도산대로100길 22-15",c(127.0515099, 37.52261937),FALSE,"삼성",1848.15323012315
"310","청담대우로얄카운티5차","서울특별시 강남구 도산대로100길 30",c(127.0523044, 37.52262942),FALSE,"삼성",1810.93174908796
"311","상지리츠빌(127-16)","서울특별시 강남구 도산대로101길 15",c(127.0524873, 37.52609615),FALSE,"삼성",2140.21673122301
"312","상지리츠빌5B","서울특별시 강남구 도산대로101길 17-5",c(127.0523435, 37.52635837),FALSE,"삼성",2171.97771510951
"313","청담현대3차아파트","서울특별시 강남구 도산대로101길 29",c(127.0530843, 37.52693895),FALSE,"삼성",2202.83052083877
"314","구산","서울특별시 강남구 도산대로101길 34",c(127.0539065, 37.52668965),FALSE,"삼성",2148.81490733689
"315","상지카일룸","서울특별시 강남구 도산대로101길 38",c(127.0542092, 37.52681493),FALSE,"삼성",2151.71362780317
"316","신사파크빌A동","서울특별시 강남구 도산대로23길 18",c(127.02624, 37.52028526),FALSE,"언주",1601.83506927019
"317","논현인텔(9-2)","서울특별시 강남구 도산대로24길 19",c(127.0268846, 37.51764863),FALSE,"언주",1313.96058607243
"318","신사파크빌B동","서울특별시 강남구 도산대로25길 15-17",c(127.026493, 37.52041112),FALSE,"언주",1605.3408438517
"319","프라임","서울특별시 강남구 도산대로30길 56",c(127.0305907, 37.5162096),FALSE,"언주",1041.09806628579
"320","리갈팰리스","서울특별시 강남구 도산대로35길 46",c(127.0307126, 37.52378116),FALSE,"언주",1862.72146775485
"321","한진로즈힐","서울특별시 강남구 도산대로46길 21",c(127.0371335, 37.52067819),FALSE,"언주",1523.58380124748
"322","쌍용","서울특별시 강남구 도산대로50길 43",c(127.0381379, 37.5196262),FALSE,"언주",1429.48294566427
"323","논현한가람빌라트","서울특별시 강남구 도산대로50길 54",c(127.0375076, 37.51876398),FALSE,"언주",1322.69696808909
"324","골든캐슬","서울특별시 강남구 도산대로54길 48-8",c(127.0388511, 37.51967331),FALSE,"언주",1452.23824710894
"325","에비뉴나인티","서울특별시 강남구 도산대로59길 24",c(127.0425345, 37.52518514),FALSE,"언주",2138.18657320439
"326","청담동마크노빌","서울특별시 강남구 도산대로59길 25",c(127.0422153, 37.52550622),FALSE,"언주",2161.85549945325
"327","아노스카운트빌라트","서울특별시 강남구 도산대로61길 13",c(127.0427574, 37.52483977),FALSE,"언주",2109.56187520357
"328","이니그마빌2","서울특별시 강남구 도산대로61길 19",c(127.0429358, 37.52522498),FALSE,"언주",2155.17592436483
"329","퍼즐하우스","서울특별시 강남구 도산대로67길 13-12",c(127.0436168, 37.52525189),FALSE,"언주",2180.8758263151
"330","청담2차 이-편한세상(201동,202동,203동)","서울특별시 강남구 도산대로70길 25",c(127.0454037, 37.5214569),FALSE,"언주",1880.79250527586
"331","청담2차 이-편한세상(204동)","서울특별시 강남구 도산대로70길 43",c(127.0450779, 37.52061438),FALSE,"언주",1786.62076955935
"332","청담2차 이-편한세상(205동)","서울특별시 강남구 도산대로78길 51",c(127.0461995, 37.52077074),FALSE,"선릉",1844.48721054013
"333","대우로얄카운티2","서울특별시 강남구 도산대로81길 26",c(127.0475746, 37.52605174),FALSE,"삼성",2359.72449044275
"334","신동아빌라트","서울특별시 강남구 도산대로81길 61",c(127.0449198, 37.52732963),FALSE,"언주",2438.53046238209
"335","청담매스터빌","서울특별시 강남구 도산대로81길 69",c(127.0443181, 37.52749973),FALSE,"언주",2435.35277100459
"336","청담8차상지리츠빌","서울특별시 강남구 도산대로83길 22",c(127.048575, 37.52570747),FALSE,"삼성",2277.64919453015
"337","대우로얄카운티3","서울특별시 강남구 도산대로83길 23",c(127.0480981, 37.52590211),FALSE,"삼성",2319.41733825078
"338","청담로얄카운티","서울특별시 강남구 도산대로83길 27",c(127.0482145, 37.52627861),FALSE,"삼성",2348.01373269126
"339","대우리츠카운티","서울특별시 강남구 도산대로83길 35",c(127.0485209, 37.52668413),FALSE,"삼성",2370.54454905209
"340","청담동현대빌라트","서울특별시 강남구 도산대로83길 36",c(127.0490789, 37.52665148),FALSE,"삼성",2340.94990964011
"341","삼호빌라A동","서울특별시 강남구 도산대로83길 43",c(127.0487519, 37.52724947),FALSE,"삼성",2412.61642879637
"342","삼호빌라B동","서울특별시 강남구 도산대로83길 49",c(127.0489398, 37.52773333),FALSE,"삼성",2449.91090758221
"343","삼호빌라씨동","서울특별시 강남구 도산대로83길 55",c(127.0489059, 37.52809977),FALSE,"삼성",2486.47707795812
"344","씨티3차","서울특별시 강남구 도산대로83길 58",c(127.0495354, 37.52819621),FALSE,"삼성",2468.13992762859
"345","상지리츠빌10차","서울특별시 강남구 도산대로85길 24",c(127.0495316, 37.52602987),FALSE,"삼성",2261.18722781672
"346","청담 신원아침도시마인","서울특별시 강남구 도산대로85길 30",c(127.0496801, 37.52644043),FALSE,"삼성",2293.09514448044
"347","청담대우멤버스카운티8차","서울특별시 강남구 도산대로85길 50-10",c(127.0509021, 37.527362),FALSE,"삼성",2329.09908585027
"348","청담대우멤버스카운티7차","서울특별시 강남구 도산대로85길 50-14",c(127.0511844, 37.52714527),FALSE,"삼성",2296.20271516326
"349","상지리츠빌6","서울특별시 강남구 도산대로85길 52",c(127.0502536, 37.52776457),FALSE,"삼성",2395.53477486643
"350","목화","서울특별시 강남구 도산대로85길 53",c(127.049903, 37.52812394),FALSE,"삼성",2445.41524472197
"351","현대한강빌라","서울특별시 강남구 도산대로85길 56",c(127.0502585, 37.52807829),FALSE,"삼성",2426.05171019274
"352","청담대우멤버스카운티11차","서울특별시 강남구 도산대로87길 23",c(127.0499601, 37.52610402),FALSE,"삼성",2248.30360919817
"353","청담대우멤버스카운티10차","서울특별시 강남구 도산대로87길 34",c(127.0505612, 37.52672453),FALSE,"삼성",2281.16101425132
"354","청담대우멤버스카운티6차","서울특별시 강남구 도산대로87길 38",c(127.0507688, 37.52703946),FALSE,"삼성",2302.99935840941
"355","범신칼릭스빌","서울특별시 강남구 도산대로89길 12",c(127.0508632, 37.52526904),FALSE,"삼성",2127.68714663526
"356","청담범신칼릭스빌2차","서울특별시 강남구 도산대로89길 35",c(127.0517901, 37.52677265),FALSE,"삼성",2234.96773407778
"357","상지리츠빌5A","서울특별시 강남구 도산대로89길 36",c(127.052064, 37.52653421),FALSE,"삼성",2200.43767634073
"358","청담(건영)","서울특별시 강남구 도산대로89길 49",c(127.0521544, 37.52757),FALSE,"삼성",2300.6790309922
"359","대우유로카운티","서울특별시 강남구 도산대로92길 10",c(127.0496192, 37.52353486),FALSE,"삼성",2027.31941862428
"360","청담디에브스아파트","서울특별시 강남구 도산대로92길 28",c(127.0491647, 37.52282012),FALSE,"삼성",1988.48119216301
"361","삼성청담공원아파트","서울특별시 강남구 도산대로96길 39",c(127.0504541, 37.52252513),FALSE,"삼성",1893.24652759952
"362","연세빌라(59-16)","서울특별시 강남구 도산대로98길 31",c(127.0520239, 37.52256637),FALSE,"삼성",1818.2896675482
"363","청담대우멤버스카운티9차","서울특별시 강남구 도산대로99길 28-7",c(127.0510806, 37.52686858),FALSE,"삼성",2273.2470984388
"364","청담대우멤버스카운티12차","서울특별시 강남구 도산대로99길 30",c(127.051019, 37.52660983),FALSE,"삼성",2250.48678897721
"365","청담CJ빌리지","서울특별시 강남구 도산대로99길 42",c(127.0498066, 37.52678287),FALSE,"삼성",2319.99844568493
"366","BRUNNEN청담","서울특별시 강남구 도산대로99길 68",c(127.0477793, 37.52728052),FALSE,"삼성",2461.88702599034
"367","삼성풍림2차아파트","서울특별시 강남구 봉은사로105길 12-7",c(127.0624742, 37.51600381),FALSE,"삼성",800.610914539793
"368","삼성동에스케이뷰","서울특별시 강남구 봉은사로109길 14-8",c(127.0648033, 37.51629618),FALSE,"삼성",842.445085588729
"369","시티(A동)","서울특별시 강남구 봉은사로109길 66-1",c(127.0639467, 37.51903488),FALSE,"삼성",1136.96000853741
"370","시티(B동)","서울특별시 강남구 봉은사로109길 66-7",c(127.064272, 37.51877791),FALSE,"삼성",1110.50235544887
"371","금호어울림","서울특별시 강남구 봉은사로111길 25",c(127.0648162, 37.51677152),FALSE,"삼성",894.777387572721
"372","삼부아파트(101동)","서울특별시 강남구 봉은사로111길 26",c(127.0651606, 37.51700102),FALSE,"삼성",925.165897160022
"373","삼부아파트 102동","서울특별시 강남구 봉은사로111길 34",c(127.0648822, 37.51740436),FALSE,"삼성",965.191637163842
"374","강변삼부아파트","서울특별시 강남구 봉은사로113길 25",c(127.0656093, 37.51709928),FALSE,"삼성",944.005204813469
"375","신동아듀크빌","서울특별시 강남구 봉은사로113길 33",c(127.0654262, 37.5174332),FALSE,"삼성",976.850800874115
"376","골든빌(99-1)","서울특별시 강남구 봉은사로113길 39",c(127.0651319, 37.5178309),FALSE,"삼성",1015.54185122829
"377","논현프라임아파트","서울특별시 강남구 봉은사로11길 11",c(127.0283941, 37.50660635),FALSE,"신논현",425.343611275253
"378","e-편한세상","서울특별시 강남구 봉은사로11길 12",c(127.0291351, 37.50673779),FALSE,"언주",422.837305872208
"379","한화꿈에그린2차","서울특별시 강남구 봉은사로21길 19",c(127.0308203, 37.50751373),FALSE,"언주",272.735754361579
"380","토미빌(228-9)","서울특별시 강남구 봉은사로29길 25",c(127.0338003, 37.50901446),TRUE,"언주",199.691971715659
"381","이움빌라","서울특별시 강남구 봉은사로29길 26",c(127.0341353, 37.50925628),TRUE,"언주",227.455844938508
"382","한양수자인어반게이트","서울특별시 강남구 봉은사로29길 35",c(127.0335666, 37.50959846),FALSE,"언주",266.007073139706
"383","역삼예명","서울특별시 강남구 봉은사로34길 53",c(127.0384555, 37.5049753),FALSE,"언주",473.798338580884
"384","경간재","서울특별시 강남구 봉은사로49길 13",c(127.0418194, 37.51081494),FALSE,"언주",805.596040599487
"385","그랑디오스","서울특별시 강남구 봉은사로51길 18",c(127.0428303, 37.5112835),FALSE,"언주",908.863456926337
"386","마블하우스","서울특별시 강남구 봉은사로51길 36",c(127.0423611, 37.51237853),FALSE,"언주",941.978791371691
"387","케럿스테이트","서울특별시 강남구 봉은사로51길 40",c(127.0422467, 37.51264319),FALSE,"언주",952.350532952025
"388","대우멤버스카운티501","서울특별시 강남구 봉은사로55길 36",c(127.0440032, 37.51284932),FALSE,"선릉",1023.80677742881
"389","노블테라스","서울특별시 강남구 봉은사로57길 17",c(127.0447452, 37.51185417),FALSE,"선릉",897.277326631153
"390","대우멤버스카운티301","서울특별시 강남구 봉은사로57길 33",c(127.0443207, 37.51286491),FALSE,"선릉",1015.71350229174
"391","대우멤버스카운티201","서울특별시 강남구 봉은사로57길 37",c(127.0442386, 37.51313149),FALSE,"선릉",1046.07468992448
"392","SM드림빌","서울특별시 강남구 봉은사로61길 34",c(127.0458715, 37.51331402),FALSE,"선릉",1027.37079571152
"393","삼성벨라스빌","서울특별시 강남구 봉은사로63길 47",c(127.0458139, 37.51434489),FALSE,"선릉",1140.87749365439
"394","이안애빌","서울특별시 강남구 봉은사로68길 65",c(127.0534103, 37.50859261),FALSE,"선릉",667.654331241308
"395","로프트원","서울특별시 강남구 봉은사로71길 7",c(127.0498658, 37.5126856),FALSE,"선릉",949.025122603519
"396","상아빌라트","서울특별시 강남구 봉은사로71길 13",c(127.0496902, 37.51305046),FALSE,"선릉",986.893509698699
"397","삼성동드림하우스","서울특별시 강남구 봉은사로71길 19",c(127.0495428, 37.51346235),FALSE,"선릉",1030.6859745404
"398","영무예다음","서울특별시 강남구 봉은사로72길 33",c(127.0524058, 37.5103128),FALSE,"선릉",769.917181170228
"399","한일","서울특별시 강남구 봉은사로73길 23",c(127.0499735, 37.51394755),FALSE,"선릉",1089.16959000667
"400","현대빌라트","서울특별시 강남구 봉은사로74길 5",c(127.0516339, 37.51203696),FALSE,"선릉",917.347702518501
"401","삼성동대유리채","서울특별시 강남구 봉은사로78길 27",c(127.053635, 37.51096506),FALSE,"삼성",876.795362537621
"402","우림루미아트","서울특별시 강남구 봉은사로81길 8",c(127.0541068, 37.51378282),FALSE,"삼성",973.336798525061
"403","삼성아셈","서울특별시 강남구 봉은사로82길 24",c(127.0550147, 37.51162589),FALSE,"삼성",786.449209660103
"404","삼성동신도브래뉴","서울특별시 강남구 삼성로103길 12",c(127.0534062, 37.51036804),FALSE,"선릉",821.430790511956
"405","삼성그랑빌","서울특별시 강남구 삼성로104길 5",c(127.0550017, 37.51092768),FALSE,"삼성",760.175873917767
"406","현대힐스테이트 2단지","서울특별시 강남구 삼성로111길 8",c(127.0514277, 37.51408062),FALSE,"선릉",1129.41142547567
"407","삼성팰리스(71-16)","서울특별시 강남구 삼성로112길 8",c(127.0533288, 37.51440731),FALSE,"삼성",1069.37134087607
"408","심포니하우스","서울특별시 강남구 삼성로120길 6",c(127.0522142, 37.516402),FALSE,"삼성",1284.09154299065
"409","삼성루첸시아","서울특별시 강남구 삼성로120길 17",c(127.0527181, 37.51721237),FALSE,"삼성",1313.24783331194
"410","세방타운하우스","서울특별시 강남구 삼성로120길 21",c(127.052932, 37.517485),FALSE,"삼성",1321.94159793504
"411","현대삼성동1차","서울특별시 강남구 삼성로120길 52-5",c(127.0550031, 37.51909677),FALSE,"삼성",1351.70812217343
"412","형우빌라","서울특별시 강남구 삼성로126길 20",c(127.0526158, 37.51767586),FALSE,"삼성",1356.5211771521
"413","청담동삼성1차아파트","서울특별시 강남구 삼성로133길 20",c(127.0478444, 37.51942289),FALSE,"선릉",1686.62324090376
"414","청담아르지움","서울특별시 강남구 삼성로135길 15",c(127.0481903, 37.5197751),FALSE,"선릉",1725.53729852581
"415","골든아트빌","서울특별시 강남구 삼성로135길 28",c(127.0470366, 37.51992213),FALSE,"선릉",1744.77227834783
"416","한신오페라하우스","서울특별시 강남구 삼성로135길 47",c(127.0455732, 37.51927632),FALSE,"선릉",1685.75608853012
"417","연세청담파크빌","서울특별시 강남구 삼성로140길 35",c(127.0513764, 37.52218871),FALSE,"삼성",1815.35416841568
"418","우성아파트","서울특별시 강남구 삼성로147길 22",c(127.0468145, 37.52170557),FALSE,"선릉",1943.89738696081
"419","개포주공 5단지","서울특별시 강남구 삼성로4길 17",c(127.0685821, 37.48756233),FALSE,"대치",904.249127046086
"420","노빌리티빌리지","서울특별시 강남구 삼성로51길 10-13",c(127.0604507, 37.49732051),FALSE,"대치",401.760908587498
"421","대치 더 클래스","서울특별시 강남구 삼성로51길 10-14",c(127.0608596, 37.49734611),FALSE,"대치",381.259287243777
"422","대치 SK VIEW","서울특별시 강남구 삼성로51길 25",c(127.0600132, 37.49542737),FALSE,"대치",316.737909593492
"423","래미안대치팰리스","서울특별시 강남구 삼성로51길 35",c(127.0607445, 37.49503005),TRUE,"대치",243.322373572513
"424","래미안대치팰리스","서울특별시 강남구 삼성로51길 37",c(127.0578508, 37.49424608),FALSE,"도곡",395.402020485746
"425","대치하나빌","서울특별시 강남구 삼성로57길 37-5",c(127.0584937, 37.49703365),FALSE,"대치",514.085475452926
"426","삼성2차","서울특별시 강남구 삼성로57길 45",c(127.0575167, 37.49703292),FALSE,"대치",589.092838919262
"427","한양팰리스","서울특별시 강남구 삼성로61길 9",c(127.0597266, 37.49919649),FALSE,"대치",607.419622618591
"428","세연파크뷰","서울특별시 강남구 삼성로63길 16-5",c(127.0584201, 37.5000388),FALSE,"대치",749.956961635487
"429","한티(933-35)","서울특별시 강남구 삼성로63길 37",c(127.0572884, 37.49905608),FALSE,"대치",735.383417078262
"430","대치현대","서울특별시 강남구 삼성로64길 5",c(127.0609702, 37.50093137),FALSE,"대치",737.091774751664
"431","대치효성","서울특별시 강남구 삼성로64길 12",c(127.0612036, 37.49991641),FALSE,"대치",623.359248390019
"432","하이캐슬102동","서울특별시 강남구 삼성로64길 36",c(127.0633835, 37.50043911),FALSE,"대치",649.194949089581
"433","하이캐슬","서울특별시 강남구 삼성로64길 40",c(127.0638564, 37.50056124),FALSE,"대치",663.723304832369
"434","도성","서울특별시 강남구 삼성로67길 14",c(127.0582976, 37.50114295),FALSE,"대치",857.721943288454
"435","대치주성","서울특별시 강남구 삼성로68길 5",c(127.0601938, 37.50155694),FALSE,"대치",825.056213233062
"436","대치타워","서울특별시 강남구 삼성로71길 11-8",c(127.0580166, 37.50171373),FALSE,"선릉",913.144779670858
"437","메트로","서울특별시 강남구 삼성로75길 34",c(127.055471, 37.50296451),FALSE,"선릉",659.537506465301
"438","롯데캐슬","서울특별시 강남구 삼성로85길 11",c(127.0564555, 37.50474108),FALSE,"선릉",732.505501681896
"439","현대썬앤빌 테헤란","서울특별시 강남구 삼성로85길 33",c(127.0548035, 37.50429733),FALSE,"선릉",584.818326603109
"440","대치동우정에쉐르1","서울특별시 강남구 삼성로85길 38",c(127.0542744, 37.50461816),FALSE,"선릉",539.623448677803
"441","대우아이빌멤버스(891-26)","서울특별시 강남구 삼성로85길 42",c(127.0537635, 37.50460653),FALSE,"선릉",494.589140229238
"442","삼성파크","서울특별시 강남구 삼성로99길 14",c(127.0535704, 37.50930315),FALSE,"선릉",735.817729776041
"443","LG선릉에클라트(A)","서울특별시 강남구 선릉로100길 42",c(127.0511881, 37.50656146),FALSE,"선릉",369.257590188415
"444","Bienestar","서울특별시 강남구 선릉로107길 16",c(127.042795, 37.50935819),FALSE,"선릉",739.509520840898
"445","성영forU","서울특별시 강남구 선릉로107길 24",c(127.0421241, 37.50920715),FALSE,"언주",759.175101953482
"446","주풍파크빌","서울특별시 강남구 선릉로108길 33",c(127.0469456, 37.5104765),FALSE,"선릉",700.014898663139
"447","테크노빌라트","서울특별시 강남구 선릉로111길 38-16",c(127.0402181, 37.5112435),FALSE,"언주",715.34781794572
"448","네오블로썸","서울특별시 강남구 선릉로112길 47",c(127.047349, 37.51228156),FALSE,"선릉",895.254265977318
"449","삼성동 롯데캐슬 킹덤","서울특별시 강남구 선릉로112길 53",c(127.0477996, 37.51311433),FALSE,"선릉",985.445227333339
"450","그라나다","서울특별시 강남구 선릉로112길 74",c(127.0495845, 37.51268546),FALSE,"선릉",945.425651737984
"451","롯데캐슬프레미어","서울특별시 강남구 선릉로126길 22",c(127.0446077, 37.51530653),FALSE,"선릉",1268.28314468991
"452","서광아파트","서울특별시 강남구 선릉로130길 19",c(127.0430742, 37.51712422),FALSE,"언주",1367.14212155918
"453","래미안삼성2차","서울특별시 강남구 선릉로130길 20",c(127.0435239, 37.51613598),FALSE,"언주",1305.74111835548
"454","우정에쉐르","서울특별시 강남구 선릉로130길 33",c(127.0443315, 37.51715017),FALSE,"언주",1437.84855287982
"455","현대빌라(43-1)","서울특별시 강남구 선릉로132길 42",c(127.044568, 37.51841232),FALSE,"언주",1560.73114573128
"456","청담3차 이-편한세상(301동)","서울특별시 강남구 선릉로132길 54",c(127.0456852, 37.51860313),FALSE,"선릉",1610.25285950692
"457","논현빌라트","서울특별시 강남구 선릉로137길 6",c(127.0399246, 37.51927309),FALSE,"언주",1442.06659548183
"458","케이씨빌","서울특별시 강남구 선릉로137길 20",c(127.0387364, 37.51904867),FALSE,"언주",1383.00758235645
"459","라이헤스빌","서울특별시 강남구 선릉로137길 21",c(127.0386761, 37.51873392),FALSE,"언주",1348.09131944351
"460","현대","서울특별시 강남구 선릉로18길 12",c(127.0601485, 37.48431999),FALSE,"도곡",853.061581853182
"461","연세리버테라스","서울특별시 강남구 선릉로190길 64",c(127.0466449, 37.52886429),FALSE,"언주",2656.66213960562
"462","청담파라곤Ⅱ 2단지","서울특별시 강남구 선릉로190길 68",c(127.0470382, 37.5286386),FALSE,"삼성",2624.02097396808
"463","연세리버빌","서울특별시 강남구 선릉로190길 72",c(127.0474823, 37.52872896),FALSE,"삼성",2611.45734875656
"464","연세빌라(102-6)","서울특별시 강남구 선릉로190길 78",c(127.0478486, 37.5286245),FALSE,"삼성",2584.54983129024
"465","연세리버빌3","서울특별시 강남구 선릉로190길 84",c(127.0483273, 37.52847924),FALSE,"삼성",2548.82054925094
"466","씨티2차(202동)","서울특별시 강남구 선릉로190길 90",c(127.0487943, 37.52843613),FALSE,"삼성",2523.7243229981
"467","씨티2차(201동)","서울특별시 강남구 선릉로190길 92",c(127.0491554, 37.52834931),FALSE,"삼성",2499.45047276113
"468","강변상지리츠빌","서울특별시 강남구 선릉로190길 112",c(127.050589, 37.52795669),FALSE,"삼성",2400.48290563958
"469","동민맥스빌A동","서울특별시 강남구 선릉로62길 38",c(127.0555486, 37.49781953),FALSE,"도곡",744.064743506473
"470","역삼래미안","서울특별시 강남구 선릉로69길 19",c(127.0499106, 37.49720797),FALSE,"선릉",798.648293109715
"471","e-편한세상","서울특별시 강남구 선릉로69길 20",c(127.0500228, 37.49882752),FALSE,"선릉",625.372603843864
"472","동양","서울특별시 강남구 선릉로72길 10-7",c(127.0525676, 37.49977771),FALSE,"선릉",631.107661919643
"473","풍림아이원2차","서울특별시 강남구 선릉로72길 45",c(127.054719, 37.50126852),FALSE,"선릉",666.160273222792
"474","대치한신휴플러스","서울특별시 강남구 선릉로76길 12",c(127.0515942, 37.50139562),FALSE,"선릉",438.475781046809
"475","대치","서울특별시 강남구 선릉로82길 40-3",c(127.0536102, 37.50317173),FALSE,"선릉",494.492514176695
"476","아름빌(889-74)","서울특별시 강남구 선릉로86길 11",c(127.0505869, 37.50340494),TRUE,"선릉",232.982445455977
"477","우정에쉐르멤버스","서울특별시 강남구 선릉로87길 14",c(127.0483489, 37.50311243),TRUE,"선릉",128.202320809732
"478","에버그린","서울특별시 강남구 선릉로8길 5",c(127.0612806, 37.4829037),FALSE,"도곡",1038.9831587127
"479","대우아이빌명문가(891-23)","서울특별시 강남구 선릉로90길 56",c(127.0536154, 37.50502453),FALSE,"선릉",487.52258972693
"480","한양립스","서울특별시 강남구 선릉로92길 37-4",c(127.0517875, 37.50630261),FALSE,"선릉",391.586754938274
"481","미성1차","서울특별시 강남구 압구정로11길 17",c(127.0202282, 37.52530763),FALSE,"언주",2344.57495366417
"482","유로미아파트A동","서울특별시 강남구 압구정로14길 16",c(127.0230192, 37.52336207),FALSE,"언주",2034.94928573418
"483","유로미아파트B동","서울특별시 강남구 압구정로14길 20",c(127.0230659, 37.52302137),FALSE,"언주",1999.64460887404
"484","체리빌","서울특별시 강남구 압구정로18길 14-8",c(127.0240591, 37.52380297),FALSE,"언주",2037.63287408692
"485","우찬","서울특별시 강남구 압구정로18길 14-12",c(127.0238472, 37.52369045),FALSE,"언주",2034.38517008852
"486","뉴현대","서울특별시 강남구 압구정로18길 14-14",c(127.0236648, 37.52355485),FALSE,"언주",2027.92530896681
"487","현대아인빌","서울특별시 강남구 압구정로22길 29",c(127.0263072, 37.5236923),FALSE,"언주",1949.9195595246
"488","광림교회","서울특별시 강남구 압구정로22길 32",c(127.0259431, 37.52360487),FALSE,"언주",1952.08943484121
"489","현대13차(208~211동)","서울특별시 강남구 압구정로29길 23",c(127.0270733, 37.52947094),FALSE,"언주",2546.19053131511
"490","현대빌라트","서울특별시 강남구 압구정로29길 49",c(127.0273071, 37.53048459),FALSE,"언주",2651.25724772386
"491","대림빌라트","서울특별시 강남구 압구정로29길 51",c(127.0271404, 37.53084868),FALSE,"언주",2693.98439357778
"492","현대14차(203,204,205,206동)","서울특별시 강남구 압구정로29길 57",c(127.0261154, 37.53068593),FALSE,"언주",2697.88473614875
"493","현대5차(71,72동)","서울특별시 강남구 압구정로29길 68",c(127.0285744, 37.53197842),FALSE,"언주",2792.64536134723
"494","현대10차","서울특별시 강남구 압구정로29길 69",c(127.0258921, 37.53150382),FALSE,"언주",2790.85105276826
"495","현대1,2차","서울특별시 강남구 압구정로29길 71",c(127.0279201, 37.53302549),FALSE,"언주",2917.34751203941
"496","신사아이빌(522)","서울특별시 강남구 압구정로2길 15",c(127.0199556, 37.52071537),FALSE,"신논현",1852.08491097741
"497","래미안신사","서울특별시 강남구 압구정로2길 20",c(127.0197744, 37.52009386),FALSE,"신논현",1788.21130100143
"498","강남상가","서울특별시 강남구 압구정로2길 46",c(127.020684, 37.51877879),FALSE,"신논현",1628.1001010655
"499","현대4차저층(51~56동)","서울특별시 강남구 압구정로33길 70",c(127.0306538, 37.53237501),FALSE,"언주",2811.63763089626
"500","신사 아크존2","서울특별시 강남구 압구정로34길 49",c(127.0307199, 37.52488971),FALSE,"언주",1984.57932499479
"501","현대3차(61~64동)","서울특별시 강남구 압구정로39길 58",c(127.0328274, 37.53219017),FALSE,"언주",2778.14166063544
"502","금광아크존(635-14)","서울특별시 강남구 압구정로42길 36",c(127.0345303, 37.52656987),FALSE,"언주",2152.3517325193
"503","신사동닛시빌라트","서울특별시 강남구 압구정로42길 46",c(127.0343688, 37.526001),FALSE,"언주",2088.78210967047
"504","압구정하이츠파크","서울특별시 강남구 압구정로42길 78",c(127.0337126, 37.52376753),FALSE,"언주",1840.07079605623
"505","압구정대원칸타빌아파트","서울특별시 강남구 압구정로48길 15",c(127.0372366, 37.52741786),FALSE,"언주",2265.21505248774
"506","로데오현대","서울특별시 강남구 압구정로50길 28",c(127.0373519, 37.52665667),FALSE,"언주",2182.7233977012
"507","한양7","서울특별시 강남구 압구정로61길 37",c(127.0437583, 37.52915305),FALSE,"언주",2589.4921319792
"508","이니그마빌","서울특별시 강남구 압구정로62길 17-4",c(127.0435713, 37.52555733),FALSE,"언주",2210.58768813457
"509","청담대우로얄카운티6차","서울특별시 강남구 압구정로71길 20",c(127.0461214, 37.5278504),FALSE,"언주",2534.98818775242
"510","효성빌라청담","서울특별시 강남구 압구정로71길 28",c(127.046284, 37.52826628),FALSE,"언주",2582.9459305104
"511","연세힐하우스1","서울특별시 강남구 압구정로71길 30-11",c(127.0474642, 37.52844378),FALSE,"삼성",2585.49807480708
"512","청담파라곤Ⅱ 1단지","서울특별시 강남구 압구정로71길 32",c(127.0465747, 37.52866449),FALSE,"언주",2633.91712090937
"513","호원빌라","서울특별시 강남구 압구정로75길 15",c(127.0471411, 37.52672767),FALSE,"삼성",2443.09236823739
"514","연세힐하우스(Ⅱ)","서울특별시 강남구 압구정로75길 39",c(127.047778, 37.52839228),FALSE,"삼성",2565.88888171438
"515","엘지빌라","서울특별시 강남구 압구정로75길 40",c(127.0481996, 37.52826576),FALSE,"삼성",2534.36139055626
"516","상지리츠빌9차","서울특별시 강남구 압구정로77길 27",c(127.0478866, 37.5269103),FALSE,"삼성",2422.39381081131
"517","청담힐A동, 진도B동","서울특별시 강남구 압구정로77길 36",c(127.0484342, 37.52733329),FALSE,"삼성",2435.40494292769
"518","상지리츠빌4B","서울특별시 강남구 압구정로77길 39",c(127.0480607, 37.5277376),FALSE,"삼성",2491.01088595137
"519","청담힐A동, 진도B동","서울특별시 강남구 압구정로77길 42",c(127.0485909, 37.52774872),FALSE,"삼성",2467.31145416935
"520","상지리츠빌4A","서울특별시 강남구 압구정로77길 43",c(127.0481526, 37.52798878),FALSE,"삼성",2510.33602563312
"521","청담연세리버빌","서울특별시 강남구 압구정로79길 61-9",c(127.0519282, 37.52612981),FALSE,"삼성",2165.76834513428
"522","상지리츠빌카일룸3차","서울특별시 강남구 압구정로79길 72",c(127.05338, 37.5252963),FALSE,"삼성",2025.89615491145
"523","빌폴라리스","서울특별시 강남구 압구정로79길 76",c(127.0537734, 37.52549975),FALSE,"삼성",2031.92212827685
"524","상지리츠빌카일룸2차","서울특별시 강남구 압구정로79길 87",c(127.0542996, 37.52647775),FALSE,"삼성",2113.93266680256
"525","더펜트하우스청담","서울특별시 강남구 압구정로79길 88",c(127.0542528, 37.5259512),FALSE,"삼성",2061.26527911404
"526","호정빌라트","서울특별시 강남구 양재대로33길 14",c(127.0830639, 37.49058776),FALSE,"학여울",1300.47011235602
"527","수서1-1단지(임대)","서울특별시 강남구 양재대로55길 10",c(127.0908497, 37.49245504),FALSE,"학여울",1854.45994893858
"528","수서","서울특별시 강남구 양재대로55길 12",c(127.0890369, 37.49284056),FALSE,"학여울",1688.87912027244
"529","역삼동그린비","서울특별시 강남구 언주로103길 12",c(127.03903, 37.50677827),FALSE,"언주",456.045743055231
"530","역삼엔스위트102동","서울특별시 강남구 언주로103길 14",c(127.0388367, 37.50671949),FALSE,"언주",439.877277209771
"531","역삼엔스위트1","서울특별시 강남구 언주로103길 16",c(127.0386393, 37.50667036),FALSE,"언주",423.364745089733
"532","에벤에셀빌라트","서울특별시 강남구 언주로104길 35",c(127.0429675, 37.50799429),FALSE,"선릉",619.371138914262
"533","동부센트레빌","서울특별시 강남구 언주로116길 6",c(127.0375869, 37.51041564),FALSE,"언주",482.287738997466
"534","경남논현","서울특별시 강남구 언주로116길 12",c(127.0382086, 37.5106088),FALSE,"언주",535.815521893258
"535","현대넥서스 B동","서울특별시 강남구 언주로122길 6",c(127.0366135, 37.51186632),FALSE,"언주",569.767335593939
"536","두산위브2단지","서울특별시 강남구 언주로122길 25",c(127.0383155, 37.51234313),FALSE,"언주",690.576621371482
"537","더그레이스","서울특별시 강남구 언주로125길 12",c(127.0341641, 37.51300872),FALSE,"언주",644.131199336572
"538","동양파라곤","서울특별시 강남구 언주로130길 30",c(127.0381302, 37.51475857),FALSE,"언주",917.902235907959
"539","로체샤르캐슬","서울특별시 강남구 언주로136길 16",c(127.0368544, 37.51718368),FALSE,"언주",1138.34761049881
"540","우민","서울특별시 강남구 언주로136길 21",c(127.0373879, 37.5178493),FALSE,"언주",1221.5299356605
"541","동현아파트 1~6","서울특별시 강남구 언주로146길 18",c(127.0365661, 37.51931933),FALSE,"언주",1365.9344342351
"542","진흥아마란스","서울특별시 강남구 언주로157길 23",c(127.0310015, 37.5236807),FALSE,"언주",1847.99402577174
"543","알파임하우스1","서울특별시 강남구 언주로164길 20",c(127.0351566, 37.52529576),FALSE,"언주",2013.03800052475
"544","압구정케이씨씨(622-1)","서울특별시 강남구 언주로167길 9",c(127.0324622, 37.5261424),FALSE,"언주",2107.84318273822
"545","신성아파트 101동","서울특별시 강남구 언주로167길 15",c(127.0319081, 37.52623918),FALSE,"언주",2122.05115335318
"546","우성사원5","서울특별시 강남구 언주로29길 34",c(127.0476713, 37.48584686),TRUE,"매봉",156.206334773078
"547","현대비젼21","서울특별시 강남구 언주로30길 10",c(127.0515536, 37.48733944),FALSE,"매봉",410.744906057235
"548","대림아크로빌","서울특별시 강남구 언주로30길 13",c(127.0511079, 37.48821666),FALSE,"매봉",390.405214939219
"549","아카데미스위트1","서울특별시 강남구 언주로30길 21",c(127.0521102, 37.48862443),FALSE,"도곡",421.354039840588
"550","타워팰리스3","서울특별시 강남구 언주로30길 26",c(127.0528375, 37.48734473),FALSE,"도곡",490.493993553264
"551","우성리빙텔","서울특별시 강남구 언주로30길 27",c(127.0525846, 37.4884289),FALSE,"도곡",406.700076899448
"552","타워팰리스1","서울특별시 강남구 언주로30길 56",c(127.0542294, 37.48819963),FALSE,"도곡",350.426897618212
"553","타워팰리스2","서울특별시 강남구 언주로30길 57",c(127.0544537, 37.48976096),TRUE,"도곡",187.390293575838
"554","갤러리아트","서울특별시 강남구 언주로63길 30",c(127.0437522, 37.49426673),FALSE,"매봉",842.646661871385
"555","공간쉐르빌","서울특별시 강남구 언주로63길 32",c(127.0435513, 37.49417646),FALSE,"매봉",839.266880146532
"556","쎄비앙 101동","서울특별시 강남구 언주로69길 31",c(127.0428275, 37.49583026),FALSE,"역삼",778.911658253474
"557","현대트라움","서울특별시 강남구 언주로70길 18-8",c(127.0473091, 37.49664439),FALSE,"선릉",849.916585433854
"558","은하수","서울특별시 강남구 언주로70길 24",c(127.0476779, 37.49723316),FALSE,"선릉",782.241789995437
"559","명인갤러리","서울특별시 강남구 언주로75길 22",c(127.0425126, 37.49852768),FALSE,"역삼",586.552051659263
"560","플래티늄1","서울특별시 강남구 언주로75길 24",c(127.042341, 37.49845477),FALSE,"역삼",576.136605179293
"561","개포자이르네","서울특별시 강남구 언주로7길 6",c(127.0554484, 37.47851396),FALSE,"매봉",1217.5773139277
"562","개포래미안포레스트","서울특별시 강남구 언주로7길 44",c(127.0539316, 37.4763196),FALSE,"매봉",1350.88317376492
"563","프리빌리지","서울특별시 강남구 언주로81길 28",c(127.0413064, 37.49990588),FALSE,"역삼",438.233913845595
"564","탑팰리스","서울특별시 강남구 언주로81길 31",c(127.0411925, 37.49952632),FALSE,"역삼",438.573516498429
"565","경남아너스빌","서울특별시 강남구 언주로85길 13",c(127.0424132, 37.50059107),FALSE,"역삼",527.868035312825
"566","진넥스빌2","서울특별시 강남구 언주로86길 7",c(127.0439712, 37.50177477),FALSE,"선릉",462.204749443795
"567","한화진넥스빌","서울특별시 강남구 언주로86길 11",c(127.0442822, 37.50198995),FALSE,"선릉",425.919655869361
"568","현대까르띠에710","서울특별시 강남구 언주로86길 12",c(127.0449498, 37.50135633),FALSE,"선릉",430.030426359723
"569","우정에쉐르3","서울특별시 강남구 언주로86길 25",c(127.0451303, 37.50248024),FALSE,"선릉",333.349279486225
"570","우림루미아트2","서울특별시 강남구 언주로90길 4",c(127.0435364, 37.50214155),FALSE,"선릉",471.903538005355
"571","우림루미아트1","서울특별시 강남구 언주로90길 6",c(127.0437641, 37.50219452),FALSE,"선릉",451.581231422021
"572","좋은사람좋은집","서울특별시 강남구 언주로90길 8",c(127.0438912, 37.5022726),FALSE,"선릉",437.517043122294
"573","역삼동프라임","서울특별시 강남구 언주로97길 22",c(127.0395247, 37.5053334),FALSE,"언주",539.49170243624
"574","신목양관","서울특별시 강남구 언주로97길 32",c(127.0387883, 37.50498108),FALSE,"언주",498.669225194336
"575","힐스테이트6","서울특별시 강남구 역삼로10길 13",c(127.0342792, 37.49335658),FALSE,"강남",784.4627448404
"576","역삼조이너스","서울특별시 강남구 역삼로19길 12",c(127.0372796, 37.49583557),FALSE,"역삼",541.443338701221
"577","노블스위트","서울특별시 강남구 역삼로19길 14",c(127.037311, 37.49609811),FALSE,"역삼",512.959539221699
"578","동원스위트뷰역삼","서울특별시 강남구 역삼로19길 25",c(127.037227, 37.49695141),FALSE,"역삼",418.108792900154
"579","프리마빌","서울특별시 강남구 역삼로25길 17",c(127.0393993, 37.49733657),FALSE,"역삼",452.789236804874
"580","마이다스힐빌라트","서울특별시 강남구 역삼로25길 20",c(127.0398148, 37.49765691),FALSE,"역삼",447.7970119915
"581","요진와이시티미니","서울특별시 강남구 역삼로25길 21",c(127.0393021, 37.49752318),FALSE,"역삼",430.932247986349
"582","대명벨리온","서울특별시 강남구 역삼로25길 27",c(127.0391109, 37.49793659),FALSE,"역삼",384.063843483024
"583","예지향","서울특별시 강남구 역삼로33길 13",c(127.0414324, 37.4979941),FALSE,"역삼",531.496241818698
"584","현대이스트빌","서울특별시 강남구 역삼로33길 19",c(127.0410542, 37.49850827),FALSE,"역삼",472.811915295979
"585","현대하이츠","서울특별시 강남구 역삼로34길 12",c(127.0421901, 37.49634441),FALSE,"역삼",698.770041390989
"586","쎄비앙 102동","서울특별시 강남구 역삼로34길 25",c(127.0429341, 37.49563614),FALSE,"역삼",800.654993942687
"587","에레프","서울특별시 강남구 역삼로3길 17-4",c(127.0307484, 37.49476425),FALSE,"강남",454.184626946149
"588","풍림아이원2차202동","서울특별시 강남구 역삼로74길 8",c(127.0549992, 37.50136912),FALSE,"선릉",682.357949402849
"589","오투빌(파크앤스위트)","서울특별시 강남구 역삼로7길 13",c(127.0326975, 37.49490454),FALSE,"강남",567.791010745763
"590","대치동 959-33 도시형생활주택","서울특별시 강남구 역삼로81길 15",c(127.0587944, 37.50424747),FALSE,"삼성",640.7289207741
"591","풍림(1차)","서울특별시 강남구 영동대로112길 15",c(127.0618589, 37.51560281),FALSE,"삼성",762.706996077387
"592","아셈","서울특별시 강남구 영동대로112길 22",c(127.0620063, 37.5151087),FALSE,"삼성",706.424478121744
"593","동구싼타빌","서울특별시 강남구 영동대로112길 24",c(127.0622782, 37.51515156),FALSE,"삼성",707.974869157997
"594","삼성아트빌","서울특별시 강남구 영동대로112길 26",c(127.0624488, 37.5151615),FALSE,"삼성",707.499699903283
"595","엘에이치삼성도시형생활주택","서울특별시 강남구 영동대로112길 46",c(127.0640033, 37.51550557),FALSE,"삼성",745.971545789512
"596","동일파크스위트","서울특별시 강남구 영동대로112길 67",c(127.0659076, 37.51619296),FALSE,"삼성",853.090868350956
"597","월성빌라트","서울특별시 강남구 영동대로114길 23",c(127.0616031, 37.51615844),FALSE,"삼성",827.343564097976
"598","래미안(201동)","서울특별시 강남구 영동대로114길 56",c(127.0641261, 37.51663159),FALSE,"삼성",871.643146534672
"599","래미안삼성1차","서울특별시 강남구 영동대로114길 56",c(127.064, 37.51714807),FALSE,"삼성",927.928771991016
"600","래미안삼성1차(105)","서울특별시 강남구 영동대로114길 56",c(127.063448, 37.51586979),FALSE,"삼성",783.421838453196
"601","레미안삼성1차(104)","서울특별시 강남구 영동대로114길 56",c(127.0630571, 37.51650772),FALSE,"삼성",854.155382553897
"602","삼부아그레빌","서울특별시 강남구 영동대로114길 63",c(127.0640986, 37.51791032),FALSE,"삼성",1013.10497055868
"603","대우멤버스카운티(101동)","서울특별시 강남구 영동대로114길 71-3",c(127.0645809, 37.51811984),FALSE,"삼성",1040.44066131907
"604","아펠바움","서울특별시 강남구 영동대로114길 72",c(127.0650197, 37.51805395),FALSE,"삼성",1038.42866480353
"605","대우멤버스카운티(102동)","서울특별시 강남구 영동대로118길 76",c(127.0642862, 37.51828456),FALSE,"삼성",1055.96522051354
"606","청담자이","서울특별시 강남구 영동대로138길 12",c(127.0572591, 37.52299834),FALSE,"삼성",1660.69950162796
"607","더 갤러리파크","서울특별시 강남구 영동대로141길 14",c(127.0535334, 37.52340074),FALSE,"삼성",1831.24192904945
"608","뉴현대리버빌","서울특별시 강남구 영동대로142길 7",c(127.0558179, 37.5241578),FALSE,"삼성",1824.9080056385
"609","래미안청담로이뷰","서울특별시 강남구 영동대로142길 16",c(127.0564092, 37.52476026),FALSE,"삼성",1870.28227780816
"610","마크힐스이스트윙","서울특별시 강남구 영동대로142길 19",c(127.0552001, 37.52451922),FALSE,"삼성",1882.25155097747
"611","마크힐스웨스트윙","서울특별시 강남구 영동대로142길 21",c(127.0550835, 37.52478197),FALSE,"삼성",1913.19247555304
"612","청담아이파크","서울특별시 강남구 영동대로142길 25",c(127.0551646, 37.52524711),FALSE,"삼성",1958.64828009719
"613","현대1","서울특별시 강남구 영동대로57길 28",c(127.0654455, 37.49992162),FALSE,"학여울",570.871915146817
"614","세영팔레스타운","서울특별시 강남구 영동대로65길 57",c(127.0621429, 37.50076923),FALSE,"대치",695.488121633773
"615","풍림아이원3차(1007-1)","서울특별시 강남구 영동대로72길 10",c(127.0667829, 37.50467836),FALSE,"삼성",559.036823140713
"616","우정에쉐르","서울특별시 강남구 영동대로85길 17",c(127.0622562, 37.50684034),TRUE,"삼성",236.166492269231
"617","월드빌","서울특별시 강남구 영동대로85길 17-7",c(127.0624107, 37.50661138),FALSE,"삼성",256.086817377283
"618","화인하이빌","서울특별시 강남구 영동대로85길 17-9",c(127.0624881, 37.50643221),FALSE,"삼성",273.653680732459
"619","푸른마을 아파트 101동~111동","서울특별시 강남구 일원로14길 25",c(127.0806612, 37.48399891),FALSE,"학여울",1676.24031183683
"620","강남역우정에쉐르","서울특별시 강남구 테헤란로10길 10",c(127.0322611, 37.49840893),FALSE,"강남",419.586401008179
"621","(828-21)","서울특별시 강남구 테헤란로10길 25",c(127.032979, 37.49758882),FALSE,"역삼",457.334140369897
"622","(828-76)","서울특별시 강남구 테헤란로10길 27",c(127.0330672, 37.4974046),FALSE,"역삼",467.845058472961
"623","예지인","서울특별시 강남구 테헤란로10길 42",c(127.0331095, 37.49641444),FALSE,"강남",520.541821819188
"624","프리우스 역삼 102동","서울특별시 강남구 테헤란로13길 31-7",c(127.0312852, 37.50133242),FALSE,"역삼",460.006730513688
"625","역삼우성","서울특별시 강남구 테헤란로13길 35-6",c(127.0311316, 37.50200976),FALSE,"역삼",490.974714797175
"626","(633-22)로얄팰리스","서울특별시 강남구 테헤란로13길 45",c(127.0311764, 37.50253005),FALSE,"역삼",508.050031383984
"627","이스턴오피스텔","서울특별시 강남구 테헤란로14길 13",c(127.0335247, 37.49854852),FALSE,"역삼",347.431974253442
"628","정원","서울특별시 강남구 테헤란로14길 42",c(127.0338945, 37.49653946),FALSE,"역삼",509.667286029518
"629","포스틸빌라트","서울특별시 강남구 테헤란로20길 36",c(127.0350238, 37.49731732),FALSE,"역삼",391.633661322153
"630","로얄빌리지","서울특별시 강남구 테헤란로21길 18",c(127.0345351, 37.50156586),TRUE,"역삼",195.277380286255
"631","한양럭스","서울특별시 강남구 테헤란로25길 58",c(127.0345706, 37.50428468),FALSE,"언주",331.868692862105
"632","이지마루 역삼","서울특별시 강남구 테헤란로27길 8-14",c(127.0391097, 37.50223667),FALSE,"역삼",294.439980952498
"633","네스빌(728-10)","서울특별시 강남구 테헤란로28길 47",c(127.0400756, 37.49823307),FALSE,"역삼",419.68622107687
"634","개나리4","서울특별시 강남구 언주로 406",c(127.0454625, 37.50151429),FALSE,"선릉",387.585761440387
"635","역삼센트럴아이파크","서울특별시 강남구 테헤란로44길 26",c(127.0456803, 37.50045266),FALSE,"선릉",476.802260711013
"636","역삼우정에쉐르2","서울특별시 강남구 테헤란로48길 10",c(127.0459044, 37.50267695),FALSE,"선릉",266.36735651178
"637","역삼동우정에쉐르1","서울특별시 강남구 테헤란로4길 32",c(127.0301733, 37.49627483),FALSE,"강남",298.392814265092
"638","쌍용플레티넘밸류","서울특별시 강남구 테헤란로4길 46",c(127.0303857, 37.49544387),FALSE,"강남",375.797443142994
"639","테헤란아이파크","서울특별시 강남구 테헤란로52길 16",c(127.0469456, 37.50245913),TRUE,"선릉",227.393547769812
"640","(817-25)","서울특별시 강남구 테헤란로5길 25",c(127.0287395, 37.50022939),FALSE,"강남",273.872873102967
"641","풍림 지오빌","서울특별시 강남구 테헤란로5길 36",c(127.0290771, 37.50088392),FALSE,"강남",352.508771685557
"642","LG선릉에클라트(B)","서울특별시 강남구 테헤란로63길 12",c(127.0509927, 37.50614767),FALSE,"선릉",325.606877944345
"643","선릉역대우아이빌(890-49)","서울특별시 강남구 테헤란로64길 9",c(127.0514507, 37.50440388),FALSE,"선릉",289.504954313514
"644","선릉역 풍림아이원레몬","서울특별시 강남구 테헤란로64길 13",c(127.0515058, 37.50417127),FALSE,"선릉",294.059384195004
"645","대치동우정에쉐르2(890-42)","서울특별시 강남구 테헤란로68길 15",c(127.0525685, 37.50432111),FALSE,"선릉",387.712901044258
"646","우정에쉐르2","서울특별시 강남구 테헤란로77길 8",c(127.0549066, 37.50707845),FALSE,"선릉",671.659486878598
"647","풍림","서울특별시 강남구 테헤란로77길 22",c(127.0543161, 37.50802112),FALSE,"선릉",684.635164200081
"648","삼성동대성유니드","서울특별시 강남구 테헤란로77길 26",c(127.05405, 37.50851647),FALSE,"선릉",702.126638336074
"649","이안애2차","서울특별시 강남구 테헤란로77길 27",c(127.053845, 37.50812444),FALSE,"선릉",659.675633098431
"650","삼성웰피아","서울특별시 강남구 테헤란로77길 31",c(127.0537151, 37.50842168),FALSE,"선릉",673.318568731826
"651","삼성펠리스","서울특별시 강남구 테헤란로79길 31",c(127.054406, 37.50867898),FALSE,"선릉",737.539330177368
"652","삼성오네뜨","서울특별시 강남구 테헤란로79길 42",c(127.0543658, 37.50962842),FALSE,"삼성",784.572302838921
"653","신동아","서울특별시 강남구 학동로105길 30",c(127.0587014, 37.52304074),FALSE,"삼성",1629.60420739496
"654","브라운스톤","서울특별시 강남구 학동로11길 13",c(127.0245896, 37.51313847),FALSE,"신논현",967.342934745346
"655","인본","서울특별시 강남구 학동로17길 13",c(127.0260248, 37.51355124),FALSE,"언주",988.385628311535
"656","비쥬힐","서울특별시 강남구 학동로21길 23",c(127.0273058, 37.51485298),FALSE,"언주",1028.42114345211
"657","논현베르빌","서울특별시 강남구 학동로30길 21",c(127.0327972, 37.5127655),FALSE,"언주",624.120752446346
"658","삼성빌라트","서울특별시 강남구 학동로31길 29",c(127.0313147, 37.51651406),FALSE,"언주",1058.12276352473
"659","논현동월드메르디앙","서울특별시 강남구 학동로38길 22",c(127.0341823, 37.51353107),FALSE,"언주",702.233519681369
"660","현대넥서스 A동","서울특별시 강남구 학동로42길 60",c(127.0367816, 37.51158864),FALSE,"언주",548.65969945018
"661","제이빌","서울특별시 강남구 학동로43길 30",c(127.0379932, 37.51808187),FALSE,"언주",1260.84421397349
"662","논현웰스톤","서울특별시 강남구 학동로43길 38",c(127.0380336, 37.5184681),FALSE,"언주",1303.03690070632
"663","논현라폴리움","서울특별시 강남구 학동로46길 32",c(127.0387726, 37.51407381),FALSE,"언주",875.377517533877
"664","두산위브1단지","서울특별시 강남구 학동로46길 38",c(127.0387474, 37.51354077),FALSE,"언주",823.132979059361
"665","더원 센트럴","서울특별시 강남구 학동로53길 3-8",c(127.0396849, 37.5171957),FALSE,"언주",1221.34441399987
"666","벨러스빌","서울특별시 강남구 학동로5길 17",c(127.0226347, 37.51290571),FALSE,"신논현",954.42645252921
"667","요진보네르","서울특별시 강남구 학동로5길 20",c(127.0229615, 37.51309945),FALSE,"신논현",971.44468314304
"668","힐스빌7","서울특별시 강남구 학동로5길 22",c(127.0229011, 37.51326512),FALSE,"신논현",990.413726645151
"669","영풍마드레빌","서울특별시 강남구 학동로63길 13",c(127.0446827, 37.5190782),FALSE,"언주",1626.28755714507
"670","한신오페라하우스2차","서울특별시 강남구 학동로63길 14",c(127.0452849, 37.51887599),FALSE,"언주",1640.11239592162
"671","삼성동한솔아파트","서울특별시 강남구 학동로64길 7",c(127.045811, 37.51694243),FALSE,"선릉",1425.87336007894
"672","현대아파트 101동","서울특별시 강남구 학동로64길 14",c(127.0444231, 37.51671861),FALSE,"언주",1406.65888067858
"673","골든카운티","서울특별시 강남구 학동로68길 16",c(127.0464426, 37.51698652),FALSE,"선릉",1423.67492797799
"674","삼성동힐스테이트 1단지","서울특별시 강남구 학동로68길 29",c(127.0485345, 37.51614616),FALSE,"선릉",1322.39870417302
"675","삼성동중앙하이츠빌리지","서울특별시 강남구 학동로68길 30",c(127.0462077, 37.51603285),FALSE,"선릉",1320.85313940708
"676","청담스위트","서울특별시 강남구 학동로73길 13",c(127.0473185, 37.51920666),FALSE,"선릉",1664.04069560208
"677","청담4차 이-편한세상","서울특별시 강남구 학동로73길 33",c(127.0468815, 37.52057896),FALSE,"선릉",1818.49888309879
"678","청담그랑빌","서울특별시 강남구 학동로77길 5",c(127.0490301, 37.51906246),FALSE,"선릉",1648.02544367093
"679","청담대림 이-편한세상","서울특별시 강남구 학동로77길 27",c(127.0478222, 37.52053487),FALSE,"선릉",1810.28535584538
"680","삼환아파트101동","서울특별시 강남구 학동로77길 49",c(127.047589, 37.52178892),FALSE,"선릉",1950.14633983795
"681","스위트캐슬레지던스","서울특별시 강남구 학동로7길 6",c(127.0239186, 37.51250477),FALSE,"신논현",897.852857713375
"682","라테라스 청담","서울특별시 강남구 학동로81길 9",c(127.0505168, 37.51970245),FALSE,"삼성",1647.54095878613
"683","청담 어퍼하우스","서울특별시 강남구 학동로81길 28",c(127.0504596, 37.52093832),FALSE,"삼성",1754.12098301972
"684","삼성리치빌1","서울특별시 강남구 학동로82길 6",c(127.0512135, 37.51838105),FALSE,"삼성",1498.96329280166
"685","블루밍하우스","서울특별시 강남구 학동로82길 25",c(127.0522523, 37.51739315),FALSE,"삼성",1356.53395198718
"686","블루밍하우스","서울특별시 강남구 학동로82길 27",c(127.0522838, 37.51726665),FALSE,"삼성",1344.70368887401
"687","아델하우스","서울특별시 강남구 학동로82길 29",c(127.0524319, 37.51703886),FALSE,"삼성",1317.70322327147
"688","현대아파트(75-1)","서울특별시 강남구 학동로87길 7",c(127.0516596, 37.51951437),FALSE,"삼성",1564.87862020069
"689","진흥아파트","서울특별시 강남구 학동로87길 9",c(127.0514408, 37.52004846),FALSE,"삼성",1622.70910809971
"690","진흥아파트","서울특별시 강남구 학동로88길 5",c(127.0521224, 37.51871712),FALSE,"삼성",1471.24471138961
"691","동양파라곤","서울특별시 강남구 학동로97길 31",c(127.0543019, 37.52178809),FALSE,"삼성",1641.16306985411
"692","청담린든그로브","서울특별시 강남구 학동로97길 51",c(127.0536665, 37.52291158),FALSE,"삼성",1777.705415597
"693","은탑리더스카운티","서울특별시 강남구 학동로9길 15",c(127.0238934, 37.51316564),FALSE,"신논현",971.359648503271
"694","지고하임(101동)","서울특별시 강남구 학동로9길 21",c(127.0237886, 37.51355523),FALSE,"신논현",1015.09788999536
"695","청구아파트","서울특별시 강남구 영동대로128길 5",c(127.0584055, 37.51973788),FALSE,"삼성",1284.90860842784
"696","홍실아파트","서울특별시 강남구 영동대로128길 15",c(127.0596934, 37.51986307),FALSE,"삼성",1265.59606361606
"697","삼성동헤렌하우스2(82-1)","서울특별시 강남구 영동대로128길 45",c(127.0611259, 37.51935788),FALSE,"삼성",1185.22658542716
"698","삼성동헤렌하우스2(82-4)","서울특별시 강남구 영동대로128길 51",c(127.061446, 37.51911339),FALSE,"삼성",1154.24644674817
"699","다우림하우스","서울특별시 강남구 영동대로128길 55",c(127.0616799, 37.51895153),FALSE,"삼성",1133.78491429656
"700","대림","서울특별시 강남구 논현로41길 10",c(127.039842, 37.48652001),FALSE,"매봉",626.852510514822
"701","도곡1차아이파크","서울특별시 강남구 도곡로28길 8",c(127.0431049, 37.4920882),FALSE,"매봉",646.883380440734
"702","현대2차","서울특별시 강남구 삼성로122길 45",c(127.0557739, 37.51922383),FALSE,"삼성",1328.85866757565
"703","신동아파밀리에","서울특별시 강남구 헌릉로590길 10",c(127.1027722, 37.46412687),FALSE,"학여울",4610.14684350211
"704","세곡리엔파크(3단지)","서울특별시 강남구 헌릉로590길 11",c(127.1044628, 37.46379733),FALSE,"학여울",4731.97107118767
"705","강남데시앙파크","서울특별시 강남구 헌릉로590길 63",c(127.1011609, 37.4603401),FALSE,"학여울",4868.07311110113
"706","세곡리엔파크(4단지)","서울특별시 강남구 헌릉로590길 88",c(127.1020605, 37.46206731),FALSE,"학여울",4755.49141911415
"707","세곡리엔파크(1단지)","서울특별시 강남구 헌릉로590길 100",c(127.1004678, 37.46418277),FALSE,"학여울",4482.53208683583
"708","강남엘에이치1단지","서울특별시 강남구 헌릉로571길 20",c(127.1028232, 37.4669199),FALSE,"학여울",4372.81667478167
"709","엘에이치강남힐스테이트","서울특별시 강남구 자곡로3길 21",c(127.0882715, 37.47141205),FALSE,"학여울",3223.35149619538
"710","엘에이치강남3단지","서울특별시 강남구 자곡로3길 22",c(127.0908817, 37.47072938),FALSE,"학여울",3405.48469580354
"711","엘에이치강남브리즈힐","서울특별시 강남구 자곡로3길 45",c(127.0909955, 37.47283402),FALSE,"학여울",3214.58227202632
"712","래미안포레(3단지)","서울특별시 강남구 밤고개로21길 25",c(127.1101236, 37.47479652),FALSE,"학여울",4261.5237081568
"713","강남한신휴플러스6단지","서울특별시 강남구 밤고개로26길 50",c(127.1053621, 37.46767917),FALSE,"학여울",4460.3629143212
"714","강남한신휴플러스8단지","서울특별시 강남구 밤고개로27길 20",c(127.1105016, 37.4700942),FALSE,"학여울",4606.78407075195
